symbol,interval,timestamp,open,high,low,close,volume,source
ADANIENT,15m,2026-09-24T09:15:00+05:30,2974.6,2974.6,2955.1,2965.2,0.0,yahoo_live
ADANIENT,15m,2026-09-24T09:30:00+05:30,2966.5,2971.9,2956.0,2959.6,0.0,yahoo_live
ADANIENT,15m,2026-09-24T09:45:00+05:30,2958.9,2966.0,2958.2,2963.4,0.0,yahoo_live
ADANIENT,15m,2026-09-24T10:00:00+05:30,2963.4,2967.0,2956.0,2956.0,0.0,yahoo_live
ADANIENT,15m,2026-09-24T10:15:00+05:30,2956.0,2959.0,2950.0,2952.4,0.0,yahoo_live
ADANIENT,15m,2026-09-24T10:30:00+05:30,2952.0,2964.9,2952.0,2958.8,0.0,yahoo_live
ADANIENT,15m,2026-09-24T10:45:00+05:30,2959.3,2963.2,2957.7,2960.4,0.0,yahoo_live
ADANIENT,15m,2026-09-24T11:00:00+05:30,2960.4,2960.4,2943.1,2943.8,0.0,yahoo_live
ADANIENT,15m,2026-09-24T11:15:00+05:30,2943.0,2954.0,2941.5,2952.7,0.0,yahoo_live
ADANIENT,15m,2026-09-24T11:30:00+05:30,2952.4,2952.9,2946.9,2949.1,0.0,yahoo_live
ADANIENT,15m,2026-09-24T11:45:00+05:30,2948.4,2949.1,2941.1,2943.9,0.0,yahoo_live
ADANIENT,15m,2026-09-24T12:00:00+05:30,2944.0,2944.4,2941.5,2942.0,0.0,yahoo_live
ADANIENT,15m,2026-09-24T12:15:00+05:30,2942.1,2943.9,2936.3,2940.0,0.0,yahoo_live
ADANIENT,15m,2026-09-24T12:30:00+05:30,2941.3,2941.5,2936.5,2937.4,0.0,yahoo_live
ADANIENT,15m,2026-09-24T12:45:00+05:30,2937.1,2940.7,2936.4,2937.3,0.0,yahoo_live
ADANIENT,15m,2026-09-24T13:00:00+05:30,2937.5,2942.8,2937.3,2941.4,0.0,yahoo_live
ADANIENT,15m,2026-09-24T13:15:00+05:30,2941.9,2945.7,2933.6,2934.0,0.0,yahoo_live
ADANIENT,15m,2026-09-24T13:30:00+05:30,2935.0,2937.6,2922.4,2922.4,0.0,yahoo_live
ADANIENT,15m,2026-09-24T13:45:00+05:30,2922.2,2924.4,2903.8,2908.1,0.0,yahoo_live
ADANIENT,15m,2026-09-24T14:00:00+05:30,2908.4,2915.4,2907.9,2911.5,0.0,yahoo_live
ADANIENT,15m,2026-09-24T14:15:00+05:30,2912.0,2912.1,2898.2,2903.0,0.0,yahoo_live
ADANIENT,15m,2026-09-24T14:30:00+05:30,2903.0,2917.5,2902.7,2911.6,0.0,yahoo_live
ADANIPORTS,15m,2026-09-24T09:15:00+05:30,1797.9,1798.5,1792.7,1793.0,0.0,yahoo_live
ADANIPORTS,15m,2026-09-24T09:30:00+05:30,1793.1,1793.1,1781.1,1781.1,0.0,yahoo_live
ADANIPORTS,15m,2026-09-24T09:45:00+05:30,1781.7,1787.2,1780.3,1785.5,0.0,yahoo_live
ADANIPORTS,15m,2026-09-24T10:00:00+05:30,1785.5,1788.7,1785.0,1785.5,0.0,yahoo_live
ADANIPORTS,15m,2026-09-24T10:15:00+05:30,1785.7,1788.0,1784.5,1785.9,0.0,yahoo_live
ADANIPORTS,15m,2026-09-24T10:30:00+05:30,1785.5,1791.9,1785.5,1789.5,0.0,yahoo_live
ADANIPORTS,15m,2026-09-24T10:45:00+05:30,1789.4,1793.1,1789.4,1792.3,0.0,yahoo_live
ADANIPORTS,15m,2026-09-24T11:00:00+05:30,1792.3,1792.3,1787.6,1787.9,0.0,yahoo_live
ADANIPORTS,15m,2026-09-24T11:15:00+05:30,1787.4,1790.2,1787.3,1789.4,0.0,yahoo_live
ADANIPORTS,15m,2026-09-24T11:30:00+05:30,1789.4,1789.4,1786.4,1787.5,0.0,yahoo_live
ADANIPORTS,15m,2026-09-24T11:45:00+05:30,1787.6,1787.9,1785.0,1785.4,0.0,yahoo_live
ADANIPORTS,15m,2026-09-24T12:00:00+05:30,1785.8,1791.0,1785.3,1787.4,0.0,yahoo_live
ADANIPORTS,15m,2026-09-24T12:15:00+05:30,1787.7,1788.4,1781.8,1782.7,0.0,yahoo_live
ADANIPORTS,15m,2026-09-24T12:30:00+05:30,1782.4,1785.0,1781.6,1785.0,0.0,yahoo_live
ADANIPORTS,15m,2026-09-24T12:45:00+05:30,1784.9,1785.0,1783.7,1784.7,0.0,yahoo_live
ADANIPORTS,15m,2026-09-24T13:00:00+05:30,1784.7,1790.0,1784.1,1789.5,0.0,yahoo_live
ADANIPORTS,15m,2026-09-24T13:15:00+05:30,1788.9,1792.6,1787.7,1789.5,0.0,yahoo_live
ADANIPORTS,15m,2026-09-24T13:30:00+05:30,1789.6,1790.9,1786.5,1786.6,0.0,yahoo_live
ADANIPORTS,15m,2026-09-24T13:45:00+05:30,1786.5,1787.3,1784.1,1785.1,0.0,yahoo_live
ADANIPORTS,15m,2026-09-24T14:00:00+05:30,1785.0,1787.5,1783.1,1783.7,0.0,yahoo_live
ADANIPORTS,15m,2026-09-24T14:15:00+05:30,1783.7,1784.7,1782.5,1784.4,0.0,yahoo_live
ADANIPORTS,15m,2026-09-24T14:30:00+05:30,1784.7,1788.0,1784.1,1786.1,0.0,yahoo_live
APOLLOHOSP,15m,2026-09-24T09:15:00+05:30,9058.5,9058.5,9010.0,9029.5,0.0,yahoo_live
APOLLOHOSP,15m,2026-09-24T09:30:00+05:30,9018.0,9034.0,8986.5,8986.5,0.0,yahoo_live
APOLLOHOSP,15m,2026-09-24T09:45:00+05:30,8990.0,9004.0,8984.0,8990.5,0.0,yahoo_live
APOLLOHOSP,15m,2026-09-24T10:00:00+05:30,8991.0,9016.5,8985.0,9012.0,0.0,yahoo_live
APOLLOHOSP,15m,2026-09-24T10:15:00+05:30,9012.0,9013.5,8998.5,9000.0,0.0,yahoo_live
APOLLOHOSP,15m,2026-09-24T10:30:00+05:30,9000.0,9012.5,8997.5,9000.0,0.0,yahoo_live
APOLLOHOSP,15m,2026-09-24T10:45:00+05:30,9000.0,9001.5,8984.5,8989.5,0.0,yahoo_live
APOLLOHOSP,15m,2026-09-24T11:00:00+05:30,8987.0,8993.5,8980.0,8980.0,0.0,yahoo_live
APOLLOHOSP,15m,2026-09-24T11:15:00+05:30,8983.0,8987.5,8978.0,8981.5,0.0,yahoo_live
APOLLOHOSP,15m,2026-09-24T11:30:00+05:30,8981.5,8982.5,8955.0,8963.5,0.0,yahoo_live
APOLLOHOSP,15m,2026-09-24T11:45:00+05:30,8962.0,8967.0,8955.0,8958.5,0.0,yahoo_live
APOLLOHOSP,15m,2026-09-24T12:00:00+05:30,8958.0,8967.0,8957.0,8960.0,0.0,yahoo_live
APOLLOHOSP,15m,2026-09-24T12:15:00+05:30,8960.0,8973.0,8953.0,8971.0,0.0,yahoo_live
APOLLOHOSP,15m,2026-09-24T12:30:00+05:30,8970.0,8985.0,8960.5,8972.0,0.0,yahoo_live
APOLLOHOSP,15m,2026-09-24T12:45:00+05:30,8972.0,8973.0,8960.5,8966.5,0.0,yahoo_live
APOLLOHOSP,15m,2026-09-24T13:00:00+05:30,8963.5,8982.0,8963.5,8966.5,0.0,yahoo_live
APOLLOHOSP,15m,2026-09-24T13:15:00+05:30,8966.5,8979.0,8965.0,8967.0,0.0,yahoo_live
APOLLOHOSP,15m,2026-09-24T13:30:00+05:30,8967.0,8972.0,8960.0,8960.0,0.0,yahoo_live
APOLLOHOSP,15m,2026-09-24T13:45:00+05:30,8960.0,8960.5,8940.0,8943.5,0.0,yahoo_live
APOLLOHOSP,15m,2026-09-24T14:00:00+05:30,8944.5,8950.5,8940.0,8947.5,0.0,yahoo_live
APOLLOHOSP,15m,2026-09-24T14:15:00+05:30,8947.5,8950.5,8937.5,8942.0,0.0,yahoo_live
APOLLOHOSP,15m,2026-09-24T14:30:00+05:30,8943.0,8959.5,8941.0,8951.0,0.0,yahoo_live
ASIANPAINT,15m,2026-09-24T09:15:00+05:30,2428.0,2435.8,2416.8,2435.8,0.0,yahoo_live
ASIANPAINT,15m,2026-09-24T09:30:00+05:30,2436.0,2436.0,2422.0,2423.9,0.0,yahoo_live
ASIANPAINT,15m,2026-09-24T09:45:00+05:30,2423.9,2428.1,2423.9,2426.7,0.0,yahoo_live
ASIANPAINT,15m,2026-09-24T10:00:00+05:30,2426.7,2431.2,2424.0,2428.7,0.0,yahoo_live
ASIANPAINT,15m,2026-09-24T10:15:00+05:30,2428.7,2431.7,2427.0,2431.4,0.0,yahoo_live
ASIANPAINT,15m,2026-09-24T10:30:00+05:30,2431.4,2433.6,2430.8,2431.0,0.0,yahoo_live
ASIANPAINT,15m,2026-09-24T10:45:00+05:30,2431.0,2437.8,2430.4,2434.2,0.0,yahoo_live
ASIANPAINT,15m,2026-09-24T11:00:00+05:30,2434.2,2434.2,2428.8,2430.9,0.0,yahoo_live
ASIANPAINT,15m,2026-09-24T11:15:00+05:30,2430.8,2432.3,2427.6,2428.9,0.0,yahoo_live
ASIANPAINT,15m,2026-09-24T11:30:00+05:30,2428.9,2429.9,2426.6,2429.1,0.0,yahoo_live
ASIANPAINT,15m,2026-09-24T11:45:00+05:30,2428.3,2430.1,2426.4,2428.2,0.0,yahoo_live
ASIANPAINT,15m,2026-09-24T12:00:00+05:30,2428.8,2431.2,2427.0,2428.9,0.0,yahoo_live
ASIANPAINT,15m,2026-09-24T12:15:00+05:30,2428.9,2430.2,2427.3,2429.6,0.0,yahoo_live
ASIANPAINT,15m,2026-09-24T12:30:00+05:30,2429.6,2429.7,2422.2,2424.5,0.0,yahoo_live
ASIANPAINT,15m,2026-09-24T12:45:00+05:30,2424.5,2426.6,2420.1,2425.2,0.0,yahoo_live
ASIANPAINT,15m,2026-09-24T13:00:00+05:30,2425.2,2426.3,2421.5,2422.0,0.0,yahoo_live
ASIANPAINT,15m,2026-09-24T13:15:00+05:30,2421.8,2424.0,2416.0,2417.0,0.0,yahoo_live
ASIANPAINT,15m,2026-09-24T13:30:00+05:30,2416.4,2418.9,2410.0,2410.0,0.0,yahoo_live
ASIANPAINT,15m,2026-09-24T13:45:00+05:30,2410.8,2411.2,2401.3,2401.4,0.0,yahoo_live
ASIANPAINT,15m,2026-09-24T14:00:00+05:30,2401.9,2405.3,2401.0,2403.5,0.0,yahoo_live
ASIANPAINT,15m,2026-09-24T14:15:00+05:30,2403.0,2404.3,2398.1,2400.5,0.0,yahoo_live
ASIANPAINT,15m,2026-09-24T14:30:00+05:30,2400.6,2402.4,2399.0,2399.1,0.0,yahoo_live
AXISBANK,15m,2026-09-24T09:15:00+05:30,1215.0,1217.7,1191.0,1198.9,0.0,yahoo_live
AXISBANK,15m,2026-09-24T09:30:00+05:30,1198.7,1200.3,1194.6,1197.8,0.0,yahoo_live
AXISBANK,15m,2026-09-24T09:45:00+05:30,1197.7,1202.6,1197.5,1200.1,0.0,yahoo_live
AXISBANK,15m,2026-09-24T10:00:00+05:30,1200.2,1202.3,1195.6,1196.4,0.0,yahoo_live
AXISBANK,15m,2026-09-24T10:15:00+05:30,1196.1,1198.5,1193.3,1197.8,0.0,yahoo_live
AXISBANK,15m,2026-09-24T10:30:00+05:30,1197.3,1200.0,1194.1,1195.5,0.0,yahoo_live
AXISBANK,15m,2026-09-24T10:45:00+05:30,1195.9,1197.1,1193.6,1196.2,0.0,yahoo_live
AXISBANK,15m,2026-09-24T11:00:00+05:30,1196.2,1196.4,1193.0,1193.3,0.0,yahoo_live
AXISBANK,15m,2026-09-24T11:15:00+05:30,1193.3,1198.0,1193.3,1196.6,0.0,yahoo_live
AXISBANK,15m,2026-09-24T11:30:00+05:30,1196.6,1197.0,1193.1,1193.3,0.0,yahoo_live
AXISBANK,15m,2026-09-24T11:45:00+05:30,1193.2,1193.4,1190.2,1190.2,0.0,yahoo_live
AXISBANK,15m,2026-09-24T12:00:00+05:30,1190.4,1190.7,1186.3,1186.7,0.0,yahoo_live
AXISBANK,15m,2026-09-24T12:15:00+05:30,1186.7,1187.3,1182.4,1185.8,0.0,yahoo_live
AXISBANK,15m,2026-09-24T12:30:00+05:30,1186.2,1187.6,1184.4,1186.7,0.0,yahoo_live
AXISBANK,15m,2026-09-24T12:45:00+05:30,1186.7,1187.9,1185.2,1186.0,0.0,yahoo_live
AXISBANK,15m,2026-09-24T13:00:00+05:30,1186.1,1187.5,1185.0,1187.3,0.0,yahoo_live
AXISBANK,15m,2026-09-24T13:15:00+05:30,1186.9,1187.3,1183.4,1184.5,0.0,yahoo_live
AXISBANK,15m,2026-09-24T13:30:00+05:30,1184.5,1185.7,1179.9,1180.0,0.0,yahoo_live
AXISBANK,15m,2026-09-24T13:45:00+05:30,1180.0,1183.2,1177.9,1178.2,0.0,yahoo_live
AXISBANK,15m,2026-09-24T14:00:00+05:30,1178.0,1180.1,1177.1,1179.3,0.0,yahoo_live
AXISBANK,15m,2026-09-24T14:15:00+05:30,1179.4,1179.9,1175.1,1179.1,0.0,yahoo_live
AXISBANK,15m,2026-09-24T14:30:00+05:30,1179.1,1184.0,1178.5,1183.2,0.0,yahoo_live
BAJAJ-AUTO,15m,2026-09-24T09:15:00+05:30,11340.0,11373.0,11314.0,11337.0,0.0,yahoo_live
BAJAJ-AUTO,15m,2026-09-24T09:30:00+05:30,11338.0,11344.0,11318.0,11342.0,0.0,yahoo_live
BAJAJ-AUTO,15m,2026-09-24T09:45:00+05:30,11342.0,11350.0,11327.0,11330.0,0.0,yahoo_live
BAJAJ-AUTO,15m,2026-09-24T10:00:00+05:30,11330.0,11343.0,11315.0,11320.0,0.0,yahoo_live
BAJAJ-AUTO,15m,2026-09-24T10:15:00+05:30,11320.0,11320.0,11292.0,11309.0,0.0,yahoo_live
BAJAJ-AUTO,15m,2026-09-24T10:30:00+05:30,11309.0,11324.0,11302.0,11308.0,0.0,yahoo_live
BAJAJ-AUTO,15m,2026-09-24T10:45:00+05:30,11308.0,11315.0,11306.0,11315.0,0.0,yahoo_live
BAJAJ-AUTO,15m,2026-09-24T11:00:00+05:30,11315.0,11320.0,11304.0,11307.0,0.0,yahoo_live
BAJAJ-AUTO,15m,2026-09-24T11:15:00+05:30,11310.0,11335.0,11308.0,11314.0,0.0,yahoo_live
BAJAJ-AUTO,15m,2026-09-24T11:30:00+05:30,11314.0,11314.0,11293.0,11295.0,0.0,yahoo_live
BAJAJ-AUTO,15m,2026-09-24T11:45:00+05:30,11296.0,11305.0,11291.0,11299.0,0.0,yahoo_live
BAJAJ-AUTO,15m,2026-09-24T12:00:00+05:30,11300.0,11320.0,11300.0,11306.0,0.0,yahoo_live
BAJAJ-AUTO,15m,2026-09-24T12:15:00+05:30,11306.0,11314.0,11293.0,11298.0,0.0,yahoo_live
BAJAJ-AUTO,15m,2026-09-24T12:30:00+05:30,11298.0,11306.0,11274.0,11277.0,0.0,yahoo_live
BAJAJ-AUTO,15m,2026-09-24T12:45:00+05:30,11278.0,11280.0,11265.0,11266.0,0.0,yahoo_live
BAJAJ-AUTO,15m,2026-09-24T13:00:00+05:30,11267.0,11275.0,11252.0,11264.0,0.0,yahoo_live
BAJAJ-AUTO,15m,2026-09-24T13:15:00+05:30,11263.0,11266.0,11254.0,11264.0,0.0,yahoo_live
BAJAJ-AUTO,15m,2026-09-24T13:30:00+05:30,11263.0,11270.0,11235.0,11235.0,0.0,yahoo_live
BAJAJ-AUTO,15m,2026-09-24T13:45:00+05:30,11233.0,11250.0,11210.0,11218.0,0.0,yahoo_live
BAJAJ-AUTO,15m,2026-09-24T14:00:00+05:30,11215.0,11243.0,11214.0,11239.0,0.0,yahoo_live
BAJAJ-AUTO,15m,2026-09-24T14:15:00+05:30,11242.0,11242.0,11213.0,11218.0,0.0,yahoo_live
BAJAJ-AUTO,15m,2026-09-24T14:30:00+05:30,11219.0,11230.0,11213.0,11218.0,0.0,yahoo_live
BAJAJFINSV,15m,2026-09-24T09:15:00+05:30,1817.7,1817.7,1774.8,1788.3,0.0,yahoo_live
BAJAJFINSV,15m,2026-09-24T09:30:00+05:30,1785.9,1795.1,1785.2,1792.0,0.0,yahoo_live
BAJAJFINSV,15m,2026-09-24T09:45:00+05:30,1792.0,1799.9,1790.8,1799.8,0.0,yahoo_live
BAJAJFINSV,15m,2026-09-24T10:00:00+05:30,1799.9,1800.4,1789.0,1789.7,0.0,yahoo_live
BAJAJFINSV,15m,2026-09-24T10:15:00+05:30,1789.7,1791.2,1785.5,1788.8,0.0,yahoo_live
BAJAJFINSV,15m,2026-09-24T10:30:00+05:30,1788.5,1790.2,1786.2,1788.0,0.0,yahoo_live
BAJAJFINSV,15m,2026-09-24T10:45:00+05:30,1788.7,1790.9,1788.0,1789.7,0.0,yahoo_live
BAJAJFINSV,15m,2026-09-24T11:00:00+05:30,1789.7,1789.7,1783.5,1784.7,0.0,yahoo_live
BAJAJFINSV,15m,2026-09-24T11:15:00+05:30,1784.6,1790.9,1784.3,1789.9,0.0,yahoo_live
BAJAJFINSV,15m,2026-09-24T11:30:00+05:30,1790.1,1790.4,1773.5,1776.5,0.0,yahoo_live
BAJAJFINSV,15m,2026-09-24T11:45:00+05:30,1776.4,1777.8,1773.1,1774.1,0.0,yahoo_live
BAJAJFINSV,15m,2026-09-24T12:00:00+05:30,1774.1,1774.8,1772.0,1774.5,0.0,yahoo_live
BAJAJFINSV,15m,2026-09-24T12:15:00+05:30,1774.9,1776.9,1773.8,1776.8,0.0,yahoo_live
BAJAJFINSV,15m,2026-09-24T12:30:00+05:30,1777.0,1777.5,1773.1,1774.4,0.0,yahoo_live
BAJAJFINSV,15m,2026-09-24T12:45:00+05:30,1774.3,1775.4,1772.6,1773.0,0.0,yahoo_live
BAJAJFINSV,15m,2026-09-24T13:00:00+05:30,1773.1,1775.5,1772.6,1775.2,0.0,yahoo_live
BAJAJFINSV,15m,2026-09-24T13:15:00+05:30,1775.2,1776.8,1772.7,1773.5,0.0,yahoo_live
BAJAJFINSV,15m,2026-09-24T13:30:00+05:30,1773.5,1775.0,1769.1,1769.3,0.0,yahoo_live
BAJAJFINSV,15m,2026-09-24T13:45:00+05:30,1768.4,1769.3,1761.5,1764.1,0.0,yahoo_live
BAJAJFINSV,15m,2026-09-24T14:00:00+05:30,1764.4,1768.4,1764.3,1767.0,0.0,yahoo_live
BAJAJFINSV,15m,2026-09-24T14:15:00+05:30,1766.9,1767.4,1763.7,1766.3,0.0,yahoo_live
BAJAJFINSV,15m,2026-09-24T14:30:00+05:30,1765.2,1771.6,1765.0,1771.0,0.0,yahoo_live
BAJFINANCE,15m,2026-09-24T09:15:00+05:30,1012.0,1012.0,976.6,999.9,0.0,yahoo_live
BAJFINANCE,15m,2026-09-24T09:30:00+05:30,999.4,1003.2,997.6,998.5,0.0,yahoo_live
BAJFINANCE,15m,2026-09-24T09:45:00+05:30,998.6,999.0,994.2,996.0,0.0,yahoo_live
BAJFINANCE,15m,2026-09-24T10:00:00+05:30,996.1,999.0,996.1,996.9,0.0,yahoo_live
BAJFINANCE,15m,2026-09-24T10:15:00+05:30,996.7,997.8,993.5,995.5,0.0,yahoo_live
BAJFINANCE,15m,2026-09-24T10:30:00+05:30,995.4,996.0,993.6,995.9,0.0,yahoo_live
BAJFINANCE,15m,2026-09-24T10:45:00+05:30,995.9,999.9,995.7,997.0,0.0,yahoo_live
BAJFINANCE,15m,2026-09-24T11:00:00+05:30,997.0,997.0,990.7,991.0,0.0,yahoo_live
BAJFINANCE,15m,2026-09-24T11:15:00+05:30,991.0,996.3,991.0,995.2,0.0,yahoo_live
BAJFINANCE,15m,2026-09-24T11:30:00+05:30,995.2,995.7,991.9,993.3,0.0,yahoo_live
BAJFINANCE,15m,2026-09-24T11:45:00+05:30,993.3,993.3,989.7,990.0,0.0,yahoo_live
BAJFINANCE,15m,2026-09-24T12:00:00+05:30,990.0,990.2,988.5,989.4,0.0,yahoo_live
BAJFINANCE,15m,2026-09-24T12:15:00+05:30,989.4,989.6,987.5,988.2,0.0,yahoo_live
BAJFINANCE,15m,2026-09-24T12:30:00+05:30,988.3,991.5,987.3,989.5,0.0,yahoo_live
BAJFINANCE,15m,2026-09-24T12:45:00+05:30,989.7,989.9,988.4,988.8,0.0,yahoo_live
BAJFINANCE,15m,2026-09-24T13:00:00+05:30,988.8,992.5,988.8,991.7,0.0,yahoo_live
BAJFINANCE,15m,2026-09-24T13:15:00+05:30,991.4,991.8,988.0,990.1,0.0,yahoo_live
BAJFINANCE,15m,2026-09-24T13:30:00+05:30,990.2,990.8,985.3,985.5,0.0,yahoo_live
BAJFINANCE,15m,2026-09-24T13:45:00+05:30,985.6,985.6,981.3,982.4,0.0,yahoo_live
BAJFINANCE,15m,2026-09-24T14:00:00+05:30,982.4,983.6,979.3,980.8,0.0,yahoo_live
BAJFINANCE,15m,2026-09-24T14:15:00+05:30,980.8,980.8,974.0,976.7,0.0,yahoo_live
BAJFINANCE,15m,2026-09-24T14:30:00+05:30,976.7,979.1,976.0,978.1,0.0,yahoo_live
BEL,15m,2026-09-24T09:15:00+05:30,394.05,396.6,394.0,395.95,0.0,yahoo_live
BEL,15m,2026-09-24T09:30:00+05:30,396.0,396.05,395.2,395.25,0.0,yahoo_live
BEL,15m,2026-09-24T09:45:00+05:30,395.35,396.2,395.1,396.2,0.0,yahoo_live
BEL,15m,2026-09-24T10:00:00+05:30,396.15,396.2,394.8,394.85,0.0,yahoo_live
BEL,15m,2026-09-24T10:15:00+05:30,394.85,395.45,394.75,395.25,0.0,yahoo_live
BEL,15m,2026-09-24T10:30:00+05:30,395.45,396.4,395.45,396.0,0.0,yahoo_live
BEL,15m,2026-09-24T10:45:00+05:30,396.15,396.8,396.0,396.5,0.0,yahoo_live
BEL,15m,2026-09-24T11:00:00+05:30,396.5,396.9,396.2,396.25,0.0,yahoo_live
BEL,15m,2026-09-24T11:15:00+05:30,396.3,397.2,396.25,396.9,0.0,yahoo_live
BEL,15m,2026-09-24T11:30:00+05:30,397.0,397.2,396.0,397.0,0.0,yahoo_live
BEL,15m,2026-09-24T11:45:00+05:30,397.0,398.0,397.0,397.35,0.0,yahoo_live
BEL,15m,2026-09-24T12:00:00+05:30,397.35,397.45,396.7,396.85,0.0,yahoo_live
BEL,15m,2026-09-24T12:15:00+05:30,396.9,397.2,396.8,396.95,0.0,yahoo_live
BEL,15m,2026-09-24T12:30:00+05:30,396.95,397.1,396.35,396.35,0.0,yahoo_live
BEL,15m,2026-09-24T12:45:00+05:30,396.4,397.15,396.1,396.6,0.0,yahoo_live
BEL,15m,2026-09-24T13:00:00+05:30,396.55,397.05,396.45,396.9,0.0,yahoo_live
BEL,15m,2026-09-24T13:15:00+05:30,396.65,397.1,396.1,396.3,0.0,yahoo_live
BEL,15m,2026-09-24T13:30:00+05:30,396.35,396.5,395.5,395.55,0.0,yahoo_live
BEL,15m,2026-09-24T13:45:00+05:30,395.55,395.55,393.7,393.9,0.0,yahoo_live
BEL,15m,2026-09-24T14:00:00+05:30,393.95,394.45,393.25,393.55,0.0,yahoo_live
BEL,15m,2026-09-24T14:15:00+05:30,393.5,394.4,393.25,393.95,0.0,yahoo_live
BEL,15m,2026-09-24T14:30:00+05:30,394.0,395.35,393.8,394.85,0.0,yahoo_live
BHARTIARTL,15m,2026-09-24T09:15:00+05:30,1826.9,1828.3,1820.3,1821.4,0.0,yahoo_live
BHARTIARTL,15m,2026-09-24T09:30:00+05:30,1821.3,1823.9,1819.0,1819.2,0.0,yahoo_live
BHARTIARTL,15m,2026-09-24T09:45:00+05:30,1819.4,1819.5,1813.3,1816.8,0.0,yahoo_live
BHARTIARTL,15m,2026-09-24T10:00:00+05:30,1817.1,1817.8,1814.7,1816.1,0.0,yahoo_live
BHARTIARTL,15m,2026-09-24T10:15:00+05:30,1816.1,1818.1,1813.6,1816.4,0.0,yahoo_live
BHARTIARTL,15m,2026-09-24T10:30:00+05:30,1816.5,1818.5,1815.2,1816.6,0.0,yahoo_live
BHARTIARTL,15m,2026-09-24T10:45:00+05:30,1816.4,1819.7,1816.3,1818.5,0.0,yahoo_live
BHARTIARTL,15m,2026-09-24T11:00:00+05:30,1818.5,1820.7,1818.4,1819.0,0.0,yahoo_live
BHARTIARTL,15m,2026-09-24T11:15:00+05:30,1819.3,1820.4,1818.8,1818.9,0.0,yahoo_live
BHARTIARTL,15m,2026-09-24T11:30:00+05:30,1819.0,1820.5,1818.3,1820.3,0.0,yahoo_live
BHARTIARTL,15m,2026-09-24T11:45:00+05:30,1820.0,1820.2,1813.8,1814.3,0.0,yahoo_live
BHARTIARTL,15m,2026-09-24T12:00:00+05:30,1814.2,1815.0,1812.3,1814.2,0.0,yahoo_live
BHARTIARTL,15m,2026-09-24T12:15:00+05:30,1814.1,1815.2,1811.0,1812.1,0.0,yahoo_live
BHARTIARTL,15m,2026-09-24T12:30:00+05:30,1812.1,1813.3,1811.3,1812.0,0.0,yahoo_live
BHARTIARTL,15m,2026-09-24T12:45:00+05:30,1812.2,1813.5,1811.5,1812.1,0.0,yahoo_live
BHARTIARTL,15m,2026-09-24T13:00:00+05:30,1812.2,1813.0,1806.1,1806.7,0.0,yahoo_live
BHARTIARTL,15m,2026-09-24T13:15:00+05:30,1806.2,1807.7,1802.5,1805.4,0.0,yahoo_live
BHARTIARTL,15m,2026-09-24T13:30:00+05:30,1805.9,1807.8,1803.6,1803.7,0.0,yahoo_live
BHARTIARTL,15m,2026-09-24T13:45:00+05:30,1804.0,1804.1,1799.2,1799.7,0.0,yahoo_live
BHARTIARTL,15m,2026-09-24T14:00:00+05:30,1799.8,1801.3,1797.4,1799.4,0.0,yahoo_live
BHARTIARTL,15m,2026-09-24T14:15:00+05:30,1799.4,1800.1,1798.3,1799.4,0.0,yahoo_live
BHARTIARTL,15m,2026-09-24T14:30:00+05:30,1799.3,1802.1,1798.8,1801.7,0.0,yahoo_live
CIPLA,15m,2026-09-24T09:15:00+05:30,1375.5,1384.7,1375.1,1381.5,0.0,yahoo_live
CIPLA,15m,2026-09-24T09:30:00+05:30,1381.1,1384.9,1377.9,1380.0,0.0,yahoo_live
CIPLA,15m,2026-09-24T09:45:00+05:30,1380.0,1381.5,1377.2,1378.0,0.0,yahoo_live
CIPLA,15m,2026-09-24T10:00:00+05:30,1378.2,1385.6,1376.4,1383.9,0.0,yahoo_live
CIPLA,15m,2026-09-24T10:15:00+05:30,1384.0,1389.6,1383.1,1385.0,0.0,yahoo_live
CIPLA,15m,2026-09-24T10:30:00+05:30,1385.7,1392.8,1382.1,1392.1,0.0,yahoo_live
CIPLA,15m,2026-09-24T10:45:00+05:30,1392.4,1395.0,1390.4,1390.8,0.0,yahoo_live
CIPLA,15m,2026-09-24T11:00:00+05:30,1390.0,1392.3,1388.2,1390.8,0.0,yahoo_live
CIPLA,15m,2026-09-24T11:15:00+05:30,1390.8,1392.6,1367.8,1392.4,0.0,yahoo_live
CIPLA,15m,2026-09-24T11:30:00+05:30,1391.8,1395.4,1390.1,1393.3,0.0,yahoo_live
CIPLA,15m,2026-09-24T11:45:00+05:30,1393.3,1402.0,1392.1,1401.6,0.0,yahoo_live
CIPLA,15m,2026-09-24T12:00:00+05:30,1402.3,1419.0,1402.3,1410.1,0.0,yahoo_live
CIPLA,15m,2026-09-24T12:15:00+05:30,1410.5,1412.6,1406.4,1410.0,0.0,yahoo_live
CIPLA,15m,2026-09-24T12:30:00+05:30,1410.6,1415.0,1409.5,1411.0,0.0,yahoo_live
CIPLA,15m,2026-09-24T12:45:00+05:30,1410.6,1414.5,1409.7,1411.6,0.0,yahoo_live
CIPLA,15m,2026-09-24T13:00:00+05:30,1412.4,1412.9,1409.5,1410.6,0.0,yahoo_live
CIPLA,15m,2026-09-24T13:15:00+05:30,1409.9,1411.0,1405.0,1405.6,0.0,yahoo_live
CIPLA,15m,2026-09-24T13:30:00+05:30,1405.9,1406.8,1402.1,1402.8,0.0,yahoo_live
CIPLA,15m,2026-09-24T13:45:00+05:30,1402.8,1403.4,1395.1,1396.0,0.0,yahoo_live
CIPLA,15m,2026-09-24T14:00:00+05:30,1395.3,1401.6,1395.1,1399.9,0.0,yahoo_live
CIPLA,15m,2026-09-24T14:15:00+05:30,1399.4,1399.9,1397.0,1398.0,0.0,yahoo_live
CIPLA,15m,2026-09-24T14:30:00+05:30,1397.7,1401.7,1396.2,1400.5,0.0,yahoo_live
COALINDIA,15m,2026-09-24T09:15:00+05:30,421.6,423.6,420.35,421.15,0.0,yahoo_live
COALINDIA,15m,2026-09-24T09:30:00+05:30,421.35,421.45,420.75,420.9,0.0,yahoo_live
COALINDIA,15m,2026-09-24T09:45:00+05:30,420.9,421.2,420.6,421.1,0.0,yahoo_live
COALINDIA,15m,2026-09-24T10:00:00+05:30,421.05,421.35,420.6,420.7,0.0,yahoo_live
COALINDIA,15m,2026-09-24T10:15:00+05:30,420.7,421.05,420.6,421.05,0.0,yahoo_live
COALINDIA,15m,2026-09-24T10:30:00+05:30,421.05,421.3,420.8,421.0,0.0,yahoo_live
COALINDIA,15m,2026-09-24T10:45:00+05:30,421.0,421.6,420.7,421.15,0.0,yahoo_live
COALINDIA,15m,2026-09-24T11:00:00+05:30,421.2,421.2,420.25,420.3,0.0,yahoo_live
COALINDIA,15m,2026-09-24T11:15:00+05:30,420.3,420.55,419.5,419.55,0.0,yahoo_live
COALINDIA,15m,2026-09-24T11:30:00+05:30,419.7,420.4,419.5,420.0,0.0,yahoo_live
COALINDIA,15m,2026-09-24T11:45:00+05:30,420.0,420.2,419.9,420.15,0.0,yahoo_live
COALINDIA,15m,2026-09-24T12:00:00+05:30,420.0,420.7,419.9,420.5,0.0,yahoo_live
COALINDIA,15m,2026-09-24T12:15:00+05:30,420.5,421.95,420.3,420.7,0.0,yahoo_live
COALINDIA,15m,2026-09-24T12:30:00+05:30,420.7,421.2,420.1,420.25,0.0,yahoo_live
COALINDIA,15m,2026-09-24T12:45:00+05:30,420.2,420.45,420.0,420.1,0.0,yahoo_live
COALINDIA,15m,2026-09-24T13:00:00+05:30,420.1,420.15,419.8,419.95,0.0,yahoo_live
COALINDIA,15m,2026-09-24T13:15:00+05:30,419.95,420.5,419.15,419.35,0.0,yahoo_live
COALINDIA,15m,2026-09-24T13:30:00+05:30,419.3,419.65,419.1,419.1,0.0,yahoo_live
COALINDIA,15m,2026-09-24T13:45:00+05:30,419.1,419.75,418.85,419.6,0.0,yahoo_live
COALINDIA,15m,2026-09-24T14:00:00+05:30,419.5,420.0,419.5,419.7,0.0,yahoo_live
COALINDIA,15m,2026-09-24T14:15:00+05:30,419.7,420.15,419.45,420.1,0.0,yahoo_live
COALINDIA,15m,2026-09-24T14:30:00+05:30,420.1,420.4,419.85,420.2,0.0,yahoo_live
DRREDDY,15m,2026-09-24T09:15:00+05:30,1208.4,1212.7,1203.8,1207.1,0.0,yahoo_live
DRREDDY,15m,2026-09-24T09:30:00+05:30,1206.7,1208.6,1204.5,1206.2,0.0,yahoo_live
DRREDDY,15m,2026-09-24T09:45:00+05:30,1206.4,1209.8,1205.3,1207.8,0.0,yahoo_live
DRREDDY,15m,2026-09-24T10:00:00+05:30,1207.8,1211.2,1207.1,1210.1,0.0,yahoo_live
DRREDDY,15m,2026-09-24T10:15:00+05:30,1209.8,1210.2,1207.8,1208.1,0.0,yahoo_live
DRREDDY,15m,2026-09-24T10:30:00+05:30,1208.7,1210.5,1208.4,1209.8,0.0,yahoo_live
DRREDDY,15m,2026-09-24T10:45:00+05:30,1209.8,1210.4,1208.2,1209.1,0.0,yahoo_live
DRREDDY,15m,2026-09-24T11:00:00+05:30,1209.3,1210.7,1208.0,1208.0,0.0,yahoo_live
DRREDDY,15m,2026-09-24T11:15:00+05:30,1208.3,1209.4,1203.6,1205.9,0.0,yahoo_live
DRREDDY,15m,2026-09-24T11:30:00+05:30,1205.8,1206.2,1203.2,1205.1,0.0,yahoo_live
DRREDDY,15m,2026-09-24T11:45:00+05:30,1205.2,1206.6,1204.1,1206.5,0.0,yahoo_live
DRREDDY,15m,2026-09-24T12:00:00+05:30,1207.5,1212.5,1207.4,1212.2,0.0,yahoo_live
DRREDDY,15m,2026-09-24T12:15:00+05:30,1211.8,1213.9,1208.4,1209.1,0.0,yahoo_live
DRREDDY,15m,2026-09-24T12:30:00+05:30,1209.0,1209.5,1205.1,1205.9,0.0,yahoo_live
DRREDDY,15m,2026-09-24T12:45:00+05:30,1205.6,1207.0,1203.3,1203.7,0.0,yahoo_live
DRREDDY,15m,2026-09-24T13:00:00+05:30,1203.7,1206.5,1203.3,1205.9,0.0,yahoo_live
DRREDDY,15m,2026-09-24T13:15:00+05:30,1206.1,1207.1,1204.7,1205.1,0.0,yahoo_live
DRREDDY,15m,2026-09-24T13:30:00+05:30,1205.0,1205.7,1203.7,1203.7,0.0,yahoo_live
DRREDDY,15m,2026-09-24T13:45:00+05:30,1203.5,1204.3,1199.3,1200.4,0.0,yahoo_live
DRREDDY,15m,2026-09-24T14:00:00+05:30,1200.3,1201.0,1198.9,1199.5,0.0,yahoo_live
DRREDDY,15m,2026-09-24T14:15:00+05:30,1199.5,1202.2,1197.0,1199.9,0.0,yahoo_live
DRREDDY,15m,2026-09-24T14:30:00+05:30,1199.9,1201.3,1199.2,1199.7,0.0,yahoo_live
EICHERMOT,15m,2026-09-24T09:15:00+05:30,7436.5,7438.0,7406.5,7419.0,0.0,yahoo_live
EICHERMOT,15m,2026-09-24T09:30:00+05:30,7419.0,7426.0,7408.0,7415.0,0.0,yahoo_live
EICHERMOT,15m,2026-09-24T09:45:00+05:30,7412.5,7430.0,7409.0,7416.0,0.0,yahoo_live
EICHERMOT,15m,2026-09-24T10:00:00+05:30,7415.0,7428.0,7411.5,7420.0,0.0,yahoo_live
EICHERMOT,15m,2026-09-24T10:15:00+05:30,7420.0,7423.5,7402.5,7414.5,0.0,yahoo_live
EICHERMOT,15m,2026-09-24T10:30:00+05:30,7415.0,7425.0,7415.0,7415.0,0.0,yahoo_live
EICHERMOT,15m,2026-09-24T10:45:00+05:30,7415.0,7427.0,7415.0,7421.5,0.0,yahoo_live
EICHERMOT,15m,2026-09-24T11:00:00+05:30,7424.0,7426.0,7415.0,7416.5,0.0,yahoo_live
EICHERMOT,15m,2026-09-24T11:15:00+05:30,7416.5,7423.0,7388.5,7407.5,0.0,yahoo_live
EICHERMOT,15m,2026-09-24T11:30:00+05:30,7405.0,7409.0,7376.5,7396.5,0.0,yahoo_live
EICHERMOT,15m,2026-09-24T11:45:00+05:30,7392.5,7406.0,7387.0,7394.5,0.0,yahoo_live
EICHERMOT,15m,2026-09-24T12:00:00+05:30,7393.5,7400.5,7388.5,7390.0,0.0,yahoo_live
EICHERMOT,15m,2026-09-24T12:15:00+05:30,7390.0,7392.5,7376.5,7390.5,0.0,yahoo_live
EICHERMOT,15m,2026-09-24T12:30:00+05:30,7390.0,7390.5,7362.0,7363.0,0.0,yahoo_live
EICHERMOT,15m,2026-09-24T12:45:00+05:30,7363.5,7380.0,7356.0,7380.0,0.0,yahoo_live
EICHERMOT,15m,2026-09-24T13:00:00+05:30,7383.5,7391.5,7380.0,7389.5,0.0,yahoo_live
EICHERMOT,15m,2026-09-24T13:15:00+05:30,7389.5,7399.5,7380.0,7384.0,0.0,yahoo_live
EICHERMOT,15m,2026-09-24T13:30:00+05:30,7385.0,7385.0,7356.5,7356.5,0.0,yahoo_live
EICHERMOT,15m,2026-09-24T13:45:00+05:30,7356.0,7365.5,7341.5,7346.0,0.0,yahoo_live
EICHERMOT,15m,2026-09-24T14:00:00+05:30,7346.5,7363.0,7344.0,7355.5,0.0,yahoo_live
EICHERMOT,15m,2026-09-24T14:15:00+05:30,7352.0,7356.5,7337.0,7352.0,0.0,yahoo_live
EICHERMOT,15m,2026-09-24T14:30:00+05:30,7350.0,7369.5,7349.5,7353.0,0.0,yahoo_live
ETERNAL,15m,2026-09-24T09:15:00+05:30,338.95,341.3,338.95,340.1,0.0,yahoo_live
ETERNAL,15m,2026-09-24T09:30:00+05:30,340.5,341.6,340.5,341.05,0.0,yahoo_live
ETERNAL,15m,2026-09-24T09:45:00+05:30,341.1,343.45,341.0,342.95,0.0,yahoo_live
ETERNAL,15m,2026-09-24T10:00:00+05:30,342.95,343.4,342.2,342.2,0.0,yahoo_live
ETERNAL,15m,2026-09-24T10:15:00+05:30,342.25,342.5,341.0,341.65,0.0,yahoo_live
ETERNAL,15m,2026-09-24T10:30:00+05:30,341.6,341.65,340.9,341.15,0.0,yahoo_live
ETERNAL,15m,2026-09-24T10:45:00+05:30,341.15,341.8,341.1,341.6,0.0,yahoo_live
ETERNAL,15m,2026-09-24T11:00:00+05:30,341.6,341.9,341.35,341.5,0.0,yahoo_live
ETERNAL,15m,2026-09-24T11:15:00+05:30,341.5,341.55,340.45,340.8,0.0,yahoo_live
ETERNAL,15m,2026-09-24T11:30:00+05:30,340.7,341.7,340.7,341.25,0.0,yahoo_live
ETERNAL,15m,2026-09-24T11:45:00+05:30,341.25,341.25,340.1,340.35,0.0,yahoo_live
ETERNAL,15m,2026-09-24T12:00:00+05:30,340.35,340.7,339.75,339.8,0.0,yahoo_live
ETERNAL,15m,2026-09-24T12:15:00+05:30,339.85,340.6,339.7,340.2,0.0,yahoo_live
ETERNAL,15m,2026-09-24T12:30:00+05:30,340.25,340.3,339.55,339.65,0.0,yahoo_live
ETERNAL,15m,2026-09-24T12:45:00+05:30,339.7,339.85,339.5,339.6,0.0,yahoo_live
ETERNAL,15m,2026-09-24T13:00:00+05:30,339.6,340.1,339.15,339.45,0.0,yahoo_live
ETERNAL,15m,2026-09-24T13:15:00+05:30,339.35,339.85,339.05,339.25,0.0,yahoo_live
ETERNAL,15m,2026-09-24T13:30:00+05:30,339.35,339.7,338.9,338.95,0.0,yahoo_live
ETERNAL,15m,2026-09-24T13:45:00+05:30,338.95,339.15,337.85,337.9,0.0,yahoo_live
ETERNAL,15m,2026-09-24T14:00:00+05:30,337.9,338.55,337.65,337.65,0.0,yahoo_live
ETERNAL,15m,2026-09-24T14:15:00+05:30,337.75,338.15,334.05,336.0,0.0,yahoo_live
ETERNAL,15m,2026-09-24T14:30:00+05:30,336.0,337.8,335.85,336.4,0.0,yahoo_live
GRASIM,15m,2026-09-24T09:15:00+05:30,3151.1,3167.1,3151.1,3164.4,0.0,yahoo_live
GRASIM,15m,2026-09-24T09:30:00+05:30,3163.9,3172.4,3160.9,3167.2,0.0,yahoo_live
GRASIM,15m,2026-09-24T09:45:00+05:30,3167.3,3170.1,3165.0,3167.1,0.0,yahoo_live
GRASIM,15m,2026-09-24T10:00:00+05:30,3166.6,3179.7,3166.6,3175.8,0.0,yahoo_live
GRASIM,15m,2026-09-24T10:15:00+05:30,3175.3,3190.8,3173.9,3187.0,0.0,yahoo_live
GRASIM,15m,2026-09-24T10:30:00+05:30,3187.5,3195.8,3185.5,3191.6,0.0,yahoo_live
GRASIM,15m,2026-09-24T10:45:00+05:30,3189.6,3202.7,3185.1,3197.2,0.0,yahoo_live
GRASIM,15m,2026-09-24T11:00:00+05:30,3196.7,3197.7,3183.7,3186.6,0.0,yahoo_live
GRASIM,15m,2026-09-24T11:15:00+05:30,3186.7,3202.5,3185.9,3199.4,0.0,yahoo_live
GRASIM,15m,2026-09-24T11:30:00+05:30,3199.4,3201.0,3189.7,3193.5,0.0,yahoo_live
GRASIM,15m,2026-09-24T11:45:00+05:30,3193.5,3194.2,3188.0,3190.9,0.0,yahoo_live
GRASIM,15m,2026-09-24T12:00:00+05:30,3189.7,3190.3,3185.5,3187.0,0.0,yahoo_live
GRASIM,15m,2026-09-24T12:15:00+05:30,3186.5,3189.4,3181.0,3186.0,0.0,yahoo_live
GRASIM,15m,2026-09-24T12:30:00+05:30,3185.5,3189.3,3185.0,3187.5,0.0,yahoo_live
GRASIM,15m,2026-09-24T12:45:00+05:30,3187.5,3187.9,3181.3,3183.1,0.0,yahoo_live
GRASIM,15m,2026-09-24T13:00:00+05:30,3182.2,3187.1,3180.0,3185.0,0.0,yahoo_live
GRASIM,15m,2026-09-24T13:15:00+05:30,3183.5,3184.0,3177.0,3177.7,0.0,yahoo_live
GRASIM,15m,2026-09-24T13:30:00+05:30,3178.0,3178.2,3172.1,3173.6,0.0,yahoo_live
GRASIM,15m,2026-09-24T13:45:00+05:30,3174.1,3175.8,3170.1,3171.7,0.0,yahoo_live
GRASIM,15m,2026-09-24T14:00:00+05:30,3171.3,3176.7,3170.6,3172.8,0.0,yahoo_live
GRASIM,15m,2026-09-24T14:15:00+05:30,3172.8,3173.9,3167.0,3167.4,0.0,yahoo_live
GRASIM,15m,2026-09-24T14:30:00+05:30,3167.5,3172.6,3167.3,3168.7,0.0,yahoo_live
HCLTECH,15m,2026-09-24T09:15:00+05:30,1248.9,1262.5,1248.9,1262.5,0.0,yahoo_live
HCLTECH,15m,2026-09-24T09:30:00+05:30,1262.8,1263.2,1256.8,1258.9,0.0,yahoo_live
HCLTECH,15m,2026-09-24T09:45:00+05:30,1258.9,1259.6,1255.0,1255.5,0.0,yahoo_live
HCLTECH,15m,2026-09-24T10:00:00+05:30,1255.5,1256.2,1253.4,1253.8,0.0,yahoo_live
HCLTECH,15m,2026-09-24T10:15:00+05:30,1254.4,1257.1,1253.8,1255.6,0.0,yahoo_live
HCLTECH,15m,2026-09-24T10:30:00+05:30,1256.1,1258.1,1253.8,1254.9,0.0,yahoo_live
HCLTECH,15m,2026-09-24T10:45:00+05:30,1254.7,1257.1,1253.6,1256.8,0.0,yahoo_live
HCLTECH,15m,2026-09-24T11:00:00+05:30,1256.9,1257.3,1252.4,1252.8,0.0,yahoo_live
HCLTECH,15m,2026-09-24T11:15:00+05:30,1252.4,1253.5,1250.0,1251.4,0.0,yahoo_live
HCLTECH,15m,2026-09-24T11:30:00+05:30,1251.3,1252.6,1250.6,1252.5,0.0,yahoo_live
HCLTECH,15m,2026-09-24T11:45:00+05:30,1252.5,1253.7,1251.6,1253.2,0.0,yahoo_live
HCLTECH,15m,2026-09-24T12:00:00+05:30,1252.6,1256.0,1252.2,1255.4,0.0,yahoo_live
HCLTECH,15m,2026-09-24T12:15:00+05:30,1256.4,1256.9,1251.4,1253.8,0.0,yahoo_live
HCLTECH,15m,2026-09-24T12:30:00+05:30,1253.8,1254.4,1252.7,1253.4,0.0,yahoo_live
HCLTECH,15m,2026-09-24T12:45:00+05:30,1253.3,1254.4,1252.5,1253.6,0.0,yahoo_live
HCLTECH,15m,2026-09-24T13:00:00+05:30,1253.6,1255.4,1252.8,1253.8,0.0,yahoo_live
HCLTECH,15m,2026-09-24T13:15:00+05:30,1253.5,1254.9,1251.0,1252.2,0.0,yahoo_live
HCLTECH,15m,2026-09-24T13:30:00+05:30,1252.0,1252.9,1249.3,1249.4,0.0,yahoo_live
HCLTECH,15m,2026-09-24T13:45:00+05:30,1249.4,1249.9,1245.0,1245.4,0.0,yahoo_live
HCLTECH,15m,2026-09-24T14:00:00+05:30,1245.7,1247.7,1245.5,1246.6,0.0,yahoo_live
HCLTECH,15m,2026-09-24T14:15:00+05:30,1247.0,1247.1,1243.8,1244.7,0.0,yahoo_live
HCLTECH,15m,2026-09-24T14:30:00+05:30,1244.7,1247.1,1243.6,1245.5,0.0,yahoo_live
HDFCBANK,15m,2026-09-24T09:15:00+05:30,728.8,731.95,728.3,730.5,0.0,yahoo_live
HDFCBANK,15m,2026-09-24T09:30:00+05:30,730.35,730.35,726.0,727.0,0.0,yahoo_live
HDFCBANK,15m,2026-09-24T09:45:00+05:30,727.0,727.4,726.05,726.85,0.0,yahoo_live
HDFCBANK,15m,2026-09-24T10:00:00+05:30,726.8,728.4,726.8,727.55,0.0,yahoo_live
HDFCBANK,15m,2026-09-24T10:15:00+05:30,727.55,728.5,726.05,726.5,0.0,yahoo_live
HDFCBANK,15m,2026-09-24T10:30:00+05:30,726.5,728.0,726.5,727.25,0.0,yahoo_live
HDFCBANK,15m,2026-09-24T10:45:00+05:30,727.25,729.7,727.2,729.4,0.0,yahoo_live
HDFCBANK,15m,2026-09-24T11:00:00+05:30,729.6,732.4,729.1,732.4,0.0,yahoo_live
HDFCBANK,15m,2026-09-24T11:15:00+05:30,732.4,734.8,732.1,733.8,0.0,yahoo_live
HDFCBANK,15m,2026-09-24T11:30:00+05:30,733.8,733.85,731.0,732.35,0.0,yahoo_live
HDFCBANK,15m,2026-09-24T11:45:00+05:30,732.35,733.0,730.8,731.65,0.0,yahoo_live
HDFCBANK,15m,2026-09-24T12:00:00+05:30,731.65,732.4,730.2,730.25,0.0,yahoo_live
HDFCBANK,15m,2026-09-24T12:15:00+05:30,730.25,731.05,729.85,730.25,0.0,yahoo_live
HDFCBANK,15m,2026-09-24T12:30:00+05:30,730.3,732.3,729.35,730.65,0.0,yahoo_live
HDFCBANK,15m,2026-09-24T12:45:00+05:30,730.65,730.85,729.6,729.8,0.0,yahoo_live
HDFCBANK,15m,2026-09-24T13:00:00+05:30,729.85,731.75,729.75,731.4,0.0,yahoo_live
HDFCBANK,15m,2026-09-24T13:15:00+05:30,731.35,732.05,729.4,730.05,0.0,yahoo_live
HDFCBANK,15m,2026-09-24T13:30:00+05:30,730.05,731.15,729.0,729.35,0.0,yahoo_live
HDFCBANK,15m,2026-09-24T13:45:00+05:30,729.35,729.8,726.75,727.3,0.0,yahoo_live
HDFCBANK,15m,2026-09-24T14:00:00+05:30,727.15,729.35,727.1,728.5,0.0,yahoo_live
HDFCBANK,15m,2026-09-24T14:15:00+05:30,728.45,729.95,727.9,729.9,0.0,yahoo_live
HDFCBANK,15m,2026-09-24T14:30:00+05:30,729.9,732.2,729.4,731.2,0.0,yahoo_live
HDFCLIFE,15m,2026-09-24T09:15:00+05:30,530.3,535.25,518.8,521.5,0.0,yahoo_live
HDFCLIFE,15m,2026-09-24T09:30:00+05:30,521.6,523.4,514.25,518.6,0.0,yahoo_live
HDFCLIFE,15m,2026-09-24T09:45:00+05:30,519.95,525.95,518.3,524.65,0.0,yahoo_live
HDFCLIFE,15m,2026-09-24T10:00:00+05:30,524.65,527.2,523.25,524.25,0.0,yahoo_live
HDFCLIFE,15m,2026-09-24T10:15:00+05:30,523.85,527.0,523.6,526.0,0.0,yahoo_live
HDFCLIFE,15m,2026-09-24T10:30:00+05:30,526.3,526.75,525.0,526.7,0.0,yahoo_live
HDFCLIFE,15m,2026-09-24T10:45:00+05:30,526.7,532.8,526.5,532.5,0.0,yahoo_live
HDFCLIFE,15m,2026-09-24T11:00:00+05:30,532.5,532.95,530.3,530.8,0.0,yahoo_live
HDFCLIFE,15m,2026-09-24T11:15:00+05:30,530.9,533.85,530.5,533.0,0.0,yahoo_live
HDFCLIFE,15m,2026-09-24T11:30:00+05:30,533.0,533.4,531.85,533.05,0.0,yahoo_live
HDFCLIFE,15m,2026-09-24T11:45:00+05:30,533.05,533.55,532.0,532.15,0.0,yahoo_live
HDFCLIFE,15m,2026-09-24T12:00:00+05:30,532.15,533.6,532.15,533.4,0.0,yahoo_live
HDFCLIFE,15m,2026-09-24T12:15:00+05:30,533.25,534.3,532.35,533.6,0.0,yahoo_live
HDFCLIFE,15m,2026-09-24T12:30:00+05:30,533.6,533.9,532.6,532.9,0.0,yahoo_live
HDFCLIFE,15m,2026-09-24T12:45:00+05:30,532.8,533.3,532.0,532.55,0.0,yahoo_live
HDFCLIFE,15m,2026-09-24T13:00:00+05:30,532.55,533.3,532.15,532.95,0.0,yahoo_live
HDFCLIFE,15m,2026-09-24T13:15:00+05:30,533.0,533.2,532.4,532.85,0.0,yahoo_live
HDFCLIFE,15m,2026-09-24T13:30:00+05:30,532.95,533.85,530.75,530.85,0.0,yahoo_live
HDFCLIFE,15m,2026-09-24T13:45:00+05:30,530.85,531.2,528.05,528.45,0.0,yahoo_live
HDFCLIFE,15m,2026-09-24T14:00:00+05:30,528.3,530.9,528.3,530.3,0.0,yahoo_live
HDFCLIFE,15m,2026-09-24T14:15:00+05:30,530.3,531.9,529.15,531.55,0.0,yahoo_live
HDFCLIFE,15m,2026-09-24T14:30:00+05:30,531.5,533.55,530.85,533.25,0.0,yahoo_live
HEROMOTOCO,15m,2026-09-24T09:15:00+05:30,5340.0,5364.0,5325.5,5325.5,0.0,yahoo_live
HEROMOTOCO,15m,2026-09-24T09:30:00+05:30,5325.5,5325.5,5300.0,5305.0,0.0,yahoo_live
HEROMOTOCO,15m,2026-09-24T09:45:00+05:30,5307.0,5321.0,5300.0,5307.5,0.0,yahoo_live
HEROMOTOCO,15m,2026-09-24T10:00:00+05:30,5307.5,5314.5,5300.0,5308.0,0.0,yahoo_live
HEROMOTOCO,15m,2026-09-24T10:15:00+05:30,5308.0,5320.0,5308.0,5320.0,0.0,yahoo_live
HEROMOTOCO,15m,2026-09-24T10:30:00+05:30,5319.0,5348.0,5317.5,5341.5,0.0,yahoo_live
HEROMOTOCO,15m,2026-09-24T10:45:00+05:30,5340.0,5353.5,5340.0,5349.0,0.0,yahoo_live
HEROMOTOCO,15m,2026-09-24T11:00:00+05:30,5352.0,5354.5,5343.0,5345.0,0.0,yahoo_live
HEROMOTOCO,15m,2026-09-24T11:15:00+05:30,5346.0,5361.5,5343.5,5350.0,0.0,yahoo_live
HEROMOTOCO,15m,2026-09-24T11:30:00+05:30,5350.0,5359.0,5349.0,5359.0,0.0,yahoo_live
HEROMOTOCO,15m,2026-09-24T11:45:00+05:30,5361.0,5364.0,5351.5,5355.5,0.0,yahoo_live
HEROMOTOCO,15m,2026-09-24T12:00:00+05:30,5355.5,5364.0,5355.5,5361.5,0.0,yahoo_live
HEROMOTOCO,15m,2026-09-24T12:15:00+05:30,5361.5,5365.0,5354.5,5363.0,0.0,yahoo_live
HEROMOTOCO,15m,2026-09-24T12:30:00+05:30,5364.5,5367.0,5334.5,5334.5,0.0,yahoo_live
HEROMOTOCO,15m,2026-09-24T12:45:00+05:30,5335.5,5352.0,5335.5,5347.0,0.0,yahoo_live
HEROMOTOCO,15m,2026-09-24T13:00:00+05:30,5346.5,5351.0,5340.0,5349.0,0.0,yahoo_live
HEROMOTOCO,15m,2026-09-24T13:15:00+05:30,5350.5,5355.0,5345.0,5346.5,0.0,yahoo_live
HEROMOTOCO,15m,2026-09-24T13:30:00+05:30,5347.0,5349.0,5305.0,5306.0,0.0,yahoo_live
HEROMOTOCO,15m,2026-09-24T13:45:00+05:30,5304.0,5314.5,5294.0,5297.5,0.0,yahoo_live
HEROMOTOCO,15m,2026-09-24T14:00:00+05:30,5297.0,5311.0,5297.0,5308.0,0.0,yahoo_live
HEROMOTOCO,15m,2026-09-24T14:15:00+05:30,5309.0,5312.0,5303.0,5310.0,0.0,yahoo_live
HEROMOTOCO,15m,2026-09-24T14:30:00+05:30,5310.0,5318.0,5305.0,5308.0,0.0,yahoo_live
HINDALCO,15m,2026-09-24T09:15:00+05:30,988.0,989.5,984.6,987.1,0.0,yahoo_live
HINDALCO,15m,2026-09-24T09:30:00+05:30,987.1,991.7,984.6,984.6,0.0,yahoo_live
HINDALCO,15m,2026-09-24T09:45:00+05:30,984.3,985.4,982.9,983.9,0.0,yahoo_live
HINDALCO,15m,2026-09-24T10:00:00+05:30,983.8,985.9,983.6,985.1,0.0,yahoo_live
HINDALCO,15m,2026-09-24T10:15:00+05:30,985.0,986.0,983.5,985.0,0.0,yahoo_live
HINDALCO,15m,2026-09-24T10:30:00+05:30,984.7,986.8,984.7,985.5,0.0,yahoo_live
HINDALCO,15m,2026-09-24T10:45:00+05:30,985.4,985.8,984.2,985.2,0.0,yahoo_live
HINDALCO,15m,2026-09-24T11:00:00+05:30,985.2,985.7,984.2,984.2,0.0,yahoo_live
HINDALCO,15m,2026-09-24T11:15:00+05:30,984.1,986.0,983.4,984.1,0.0,yahoo_live
HINDALCO,15m,2026-09-24T11:30:00+05:30,984.1,985.3,982.3,984.8,0.0,yahoo_live
HINDALCO,15m,2026-09-24T11:45:00+05:30,984.8,985.1,981.8,982.8,0.0,yahoo_live
HINDALCO,15m,2026-09-24T12:00:00+05:30,982.4,984.3,981.8,983.4,0.0,yahoo_live
HINDALCO,15m,2026-09-24T12:15:00+05:30,983.3,983.7,981.0,981.4,0.0,yahoo_live
HINDALCO,15m,2026-09-24T12:30:00+05:30,981.6,983.1,981.4,982.1,0.0,yahoo_live
HINDALCO,15m,2026-09-24T12:45:00+05:30,982.0,982.4,980.4,981.2,0.0,yahoo_live
HINDALCO,15m,2026-09-24T13:00:00+05:30,981.0,982.3,980.8,981.6,0.0,yahoo_live
HINDALCO,15m,2026-09-24T13:15:00+05:30,981.6,981.7,979.4,980.0,0.0,yahoo_live
HINDALCO,15m,2026-09-24T13:30:00+05:30,979.8,980.6,978.0,978.0,0.0,yahoo_live
HINDALCO,15m,2026-09-24T13:45:00+05:30,978.0,979.1,976.6,978.3,0.0,yahoo_live
HINDALCO,15m,2026-09-24T14:00:00+05:30,978.7,980.4,978.2,980.3,0.0,yahoo_live
HINDALCO,15m,2026-09-24T14:15:00+05:30,980.2,981.3,979.4,980.6,0.0,yahoo_live
HINDALCO,15m,2026-09-24T14:30:00+05:30,980.5,982.4,980.0,982.0,0.0,yahoo_live
HINDUNILVR,15m,2026-09-24T09:15:00+05:30,1946.8,1953.0,1942.0,1943.3,0.0,yahoo_live
HINDUNILVR,15m,2026-09-24T09:30:00+05:30,1942.8,1944.8,1935.1,1936.7,0.0,yahoo_live
HINDUNILVR,15m,2026-09-24T09:45:00+05:30,1936.0,1936.0,1931.1,1931.9,0.0,yahoo_live
HINDUNILVR,15m,2026-09-24T10:00:00+05:30,1932.0,1933.3,1929.5,1930.1,0.0,yahoo_live
HINDUNILVR,15m,2026-09-24T10:15:00+05:30,1930.1,1931.4,1927.8,1930.0,0.0,yahoo_live
HINDUNILVR,15m,2026-09-24T10:30:00+05:30,1929.1,1931.7,1929.1,1930.0,0.0,yahoo_live
HINDUNILVR,15m,2026-09-24T10:45:00+05:30,1929.4,1934.4,1928.5,1934.1,0.0,yahoo_live
HINDUNILVR,15m,2026-09-24T11:00:00+05:30,1933.7,1934.1,1930.5,1931.6,0.0,yahoo_live
HINDUNILVR,15m,2026-09-24T11:15:00+05:30,1931.8,1934.2,1930.7,1933.7,0.0,yahoo_live
HINDUNILVR,15m,2026-09-24T11:30:00+05:30,1934.3,1936.0,1931.4,1934.9,0.0,yahoo_live
HINDUNILVR,15m,2026-09-24T11:45:00+05:30,1934.8,1936.2,1932.0,1934.7,0.0,yahoo_live
HINDUNILVR,15m,2026-09-24T12:00:00+05:30,1934.3,1936.9,1933.4,1934.5,0.0,yahoo_live
HINDUNILVR,15m,2026-09-24T12:15:00+05:30,1934.5,1935.8,1934.2,1935.1,0.0,yahoo_live
HINDUNILVR,15m,2026-09-24T12:30:00+05:30,1935.0,1936.5,1934.3,1934.3,0.0,yahoo_live
HINDUNILVR,15m,2026-09-24T12:45:00+05:30,1934.2,1935.8,1932.1,1935.2,0.0,yahoo_live
HINDUNILVR,15m,2026-09-24T13:00:00+05:30,1935.1,1935.8,1933.9,1934.0,0.0,yahoo_live
HINDUNILVR,15m,2026-09-24T13:15:00+05:30,1934.0,1934.8,1930.2,1931.5,0.0,yahoo_live
HINDUNILVR,15m,2026-09-24T13:30:00+05:30,1931.5,1935.6,1930.7,1931.8,0.0,yahoo_live
HINDUNILVR,15m,2026-09-24T13:45:00+05:30,1932.0,1933.0,1925.9,1926.1,0.0,yahoo_live
HINDUNILVR,15m,2026-09-24T14:00:00+05:30,1926.1,1929.0,1925.5,1928.1,0.0,yahoo_live
HINDUNILVR,15m,2026-09-24T14:15:00+05:30,1928.1,1928.5,1927.0,1927.1,0.0,yahoo_live
HINDUNILVR,15m,2026-09-24T14:30:00+05:30,1927.4,1929.9,1926.0,1928.7,0.0,yahoo_live
ICICIBANK,15m,2026-09-24T09:15:00+05:30,1338.0,1341.6,1331.3,1341.1,0.0,yahoo_live
ICICIBANK,15m,2026-09-24T09:30:00+05:30,1341.9,1347.8,1341.6,1342.1,0.0,yahoo_live
ICICIBANK,15m,2026-09-24T09:45:00+05:30,1342.0,1344.3,1336.9,1339.0,0.0,yahoo_live
ICICIBANK,15m,2026-09-24T10:00:00+05:30,1338.6,1341.0,1337.6,1338.6,0.0,yahoo_live
ICICIBANK,15m,2026-09-24T10:15:00+05:30,1338.5,1339.2,1334.7,1336.7,0.0,yahoo_live
ICICIBANK,15m,2026-09-24T10:30:00+05:30,1336.6,1337.3,1334.0,1334.4,0.0,yahoo_live
ICICIBANK,15m,2026-09-24T10:45:00+05:30,1334.3,1336.7,1333.9,1335.2,0.0,yahoo_live
ICICIBANK,15m,2026-09-24T11:00:00+05:30,1335.2,1335.2,1331.8,1332.8,0.0,yahoo_live
ICICIBANK,15m,2026-09-24T11:15:00+05:30,1332.8,1334.4,1331.1,1331.2,0.0,yahoo_live
ICICIBANK,15m,2026-09-24T11:30:00+05:30,1331.1,1332.5,1330.2,1331.1,0.0,yahoo_live
ICICIBANK,15m,2026-09-24T11:45:00+05:30,1331.3,1334.7,1331.1,1334.2,0.0,yahoo_live
ICICIBANK,15m,2026-09-24T12:00:00+05:30,1334.2,1335.6,1333.1,1333.4,0.0,yahoo_live
ICICIBANK,15m,2026-09-24T12:15:00+05:30,1333.4,1335.5,1332.0,1333.9,0.0,yahoo_live
ICICIBANK,15m,2026-09-24T12:30:00+05:30,1333.9,1334.9,1332.8,1334.0,0.0,yahoo_live
ICICIBANK,15m,2026-09-24T12:45:00+05:30,1333.9,1334.3,1332.7,1333.9,0.0,yahoo_live
ICICIBANK,15m,2026-09-24T13:00:00+05:30,1334.2,1336.8,1333.3,1336.8,0.0,yahoo_live
ICICIBANK,15m,2026-09-24T13:15:00+05:30,1336.8,1338.2,1334.4,1335.0,0.0,yahoo_live
ICICIBANK,15m,2026-09-24T13:30:00+05:30,1334.9,1336.1,1332.3,1333.3,0.0,yahoo_live
ICICIBANK,15m,2026-09-24T13:45:00+05:30,1333.2,1334.6,1331.3,1331.5,0.0,yahoo_live
ICICIBANK,15m,2026-09-24T14:00:00+05:30,1331.5,1335.7,1331.5,1335.7,0.0,yahoo_live
ICICIBANK,15m,2026-09-24T14:15:00+05:30,1335.7,1335.9,1333.2,1333.9,0.0,yahoo_live
ICICIBANK,15m,2026-09-24T14:30:00+05:30,1333.8,1338.0,1333.7,1337.4,0.0,yahoo_live
INDIGO,15m,2026-09-24T09:15:00+05:30,4951.0,4953.0,4928.5,4945.5,38049.0,yahoo
INDIGO,15m,2026-09-24T09:30:00+05:30,4946.0,4963.0,4943.0,4948.5,18653.0,yahoo
INDIGO,15m,2026-09-24T09:45:00+05:30,4948.5,4960.0,4948.0,4957.0,13936.0,yahoo
INDIGO,15m,2026-09-24T10:00:00+05:30,4957.0,4966.5,4955.5,4957.5,11109.0,yahoo
INDIGO,15m,2026-09-24T10:15:00+05:30,4956.0,4958.5,4938.0,4948.0,17463.0,yahoo
INDIGO,15m,2026-09-24T10:30:00+05:30,4947.5,4953.5,4945.0,4953.5,9949.0,yahoo
INDIGO,15m,2026-09-24T10:45:00+05:30,4952.0,4956.5,4948.5,4954.0,6397.0,yahoo
INDIGO,15m,2026-09-24T11:00:00+05:30,4954.0,4954.0,4943.5,4945.0,8219.0,yahoo
INDIGO,15m,2026-09-24T11:15:00+05:30,4943.5,4949.5,4942.0,4945.0,7314.0,yahoo
INDIGO,15m,2026-09-24T11:30:00+05:30,4945.5,4946.0,4937.0,4941.5,10143.0,yahoo
INDIGO,15m,2026-09-24T11:45:00+05:30,4941.0,4944.5,4933.5,4942.5,26813.0,yahoo
INDIGO,15m,2026-09-24T12:00:00+05:30,4942.5,4946.0,4942.5,4945.0,676.0,yahoo
INDUSINDBK,15m,2026-09-24T09:15:00+05:30,927.2,927.2,909.5,921.7,0.0,yahoo_live
INDUSINDBK,15m,2026-09-24T09:30:00+05:30,922.4,922.4,912.0,912.0,0.0,yahoo_live
INDUSINDBK,15m,2026-09-24T09:45:00+05:30,913.1,923.0,911.5,922.5,0.0,yahoo_live
INDUSINDBK,15m,2026-09-24T10:00:00+05:30,922.1,927.4,921.7,923.8,0.0,yahoo_live
INDUSINDBK,15m,2026-09-24T10:15:00+05:30,923.9,924.4,918.5,920.4,0.0,yahoo_live
INDUSINDBK,15m,2026-09-24T10:30:00+05:30,920.4,926.5,920.0,926.2,0.0,yahoo_live
INDUSINDBK,15m,2026-09-24T10:45:00+05:30,926.7,928.9,922.0,922.2,0.0,yahoo_live
INDUSINDBK,15m,2026-09-24T11:00:00+05:30,922.2,922.6,920.7,920.9,0.0,yahoo_live
INDUSINDBK,15m,2026-09-24T11:15:00+05:30,921.0,926.0,920.9,922.2,0.0,yahoo_live
INDUSINDBK,15m,2026-09-24T11:30:00+05:30,922.3,923.1,920.7,922.7,0.0,yahoo_live
INDUSINDBK,15m,2026-09-24T11:45:00+05:30,922.7,925.0,922.5,924.9,0.0,yahoo_live
INDUSINDBK,15m,2026-09-24T12:00:00+05:30,924.5,925.5,924.1,924.4,0.0,yahoo_live
INDUSINDBK,15m,2026-09-24T12:15:00+05:30,924.4,925.7,923.7,925.5,0.0,yahoo_live
INDUSINDBK,15m,2026-09-24T12:30:00+05:30,925.6,926.9,924.0,925.7,0.0,yahoo_live
INDUSINDBK,15m,2026-09-24T12:45:00+05:30,926.2,926.6,925.0,925.2,0.0,yahoo_live
INDUSINDBK,15m,2026-09-24T13:00:00+05:30,925.7,925.8,921.2,921.9,0.0,yahoo_live
INDUSINDBK,15m,2026-09-24T13:15:00+05:30,921.9,923.2,921.7,922.3,0.0,yahoo_live
INDUSINDBK,15m,2026-09-24T13:30:00+05:30,922.3,923.0,918.3,919.0,0.0,yahoo_live
INDUSINDBK,15m,2026-09-24T13:45:00+05:30,918.8,919.1,916.3,916.5,0.0,yahoo_live
INDUSINDBK,15m,2026-09-24T14:00:00+05:30,916.7,919.1,916.7,918.1,0.0,yahoo_live
INDUSINDBK,15m,2026-09-24T14:15:00+05:30,918.1,918.5,913.1,916.6,0.0,yahoo_live
INDUSINDBK,15m,2026-09-24T14:30:00+05:30,916.5,920.1,915.3,918.3,0.0,yahoo_live
INFY,15m,2026-09-24T09:15:00+05:30,1015.0,1022.0,1015.0,1020.7,0.0,yahoo_live
INFY,15m,2026-09-24T09:30:00+05:30,1020.0,1020.4,1012.2,1013.7,0.0,yahoo_live
INFY,15m,2026-09-24T09:45:00+05:30,1013.6,1015.9,1011.9,1012.8,0.0,yahoo_live
INFY,15m,2026-09-24T10:00:00+05:30,1012.7,1013.6,1011.1,1012.2,0.0,yahoo_live
INFY,15m,2026-09-24T10:15:00+05:30,1012.2,1013.9,1012.0,1013.5,0.0,yahoo_live
INFY,15m,2026-09-24T10:30:00+05:30,1013.5,1015.9,1013.5,1014.2,0.0,yahoo_live
INFY,15m,2026-09-24T10:45:00+05:30,1014.3,1014.9,1013.3,1014.2,0.0,yahoo_live
INFY,15m,2026-09-24T11:00:00+05:30,1014.2,1015.3,1013.0,1013.1,0.0,yahoo_live
INFY,15m,2026-09-24T11:15:00+05:30,1013.0,1015.0,1011.3,1011.9,0.0,yahoo_live
INFY,15m,2026-09-24T11:30:00+05:30,1011.8,1012.0,1010.1,1012.0,0.0,yahoo_live
INFY,15m,2026-09-24T11:45:00+05:30,1011.8,1014.2,1011.7,1012.6,0.0,yahoo_live
INFY,15m,2026-09-24T12:00:00+05:30,1012.6,1016.5,1012.5,1016.3,0.0,yahoo_live
INFY,15m,2026-09-24T12:15:00+05:30,1016.1,1017.0,1012.1,1013.3,0.0,yahoo_live
INFY,15m,2026-09-24T12:30:00+05:30,1013.3,1013.4,1011.5,1013.0,0.0,yahoo_live
INFY,15m,2026-09-24T12:45:00+05:30,1013.1,1013.7,1012.7,1013.0,0.0,yahoo_live
INFY,15m,2026-09-24T13:00:00+05:30,1012.9,1013.9,1012.4,1012.5,0.0,yahoo_live
INFY,15m,2026-09-24T13:15:00+05:30,1012.5,1014.2,1011.6,1012.3,0.0,yahoo_live
INFY,15m,2026-09-24T13:30:00+05:30,1012.1,1012.8,1010.1,1010.2,0.0,yahoo_live
INFY,15m,2026-09-24T13:45:00+05:30,1009.5,1009.8,1006.1,1006.7,0.0,yahoo_live
INFY,15m,2026-09-24T14:00:00+05:30,1006.6,1008.7,1006.6,1008.0,0.0,yahoo_live
INFY,15m,2026-09-24T14:15:00+05:30,1008.0,1008.5,1005.2,1006.1,0.0,yahoo_live
INFY,15m,2026-09-24T14:30:00+05:30,1006.2,1008.5,1006.0,1007.3,0.0,yahoo_live
ITC,15m,2026-09-24T09:15:00+05:30,269.0,270.1,268.3,269.7,0.0,yahoo_live
ITC,15m,2026-09-24T09:30:00+05:30,270.05,270.05,269.15,269.4,0.0,yahoo_live
ITC,15m,2026-09-24T09:45:00+05:30,269.55,269.65,269.05,269.55,0.0,yahoo_live
ITC,15m,2026-09-24T10:00:00+05:30,269.5,269.65,269.05,269.15,0.0,yahoo_live
ITC,15m,2026-09-24T10:15:00+05:30,269.1,269.45,269.0,269.15,0.0,yahoo_live
ITC,15m,2026-09-24T10:30:00+05:30,269.2,269.2,268.45,268.5,0.0,yahoo_live
ITC,15m,2026-09-24T10:45:00+05:30,268.45,268.6,268.25,268.55,0.0,yahoo_live
ITC,15m,2026-09-24T11:00:00+05:30,268.55,268.6,268.1,268.2,0.0,yahoo_live
ITC,15m,2026-09-24T11:15:00+05:30,268.15,268.4,268.0,268.3,0.0,yahoo_live
ITC,15m,2026-09-24T11:30:00+05:30,268.3,268.45,268.1,268.2,0.0,yahoo_live
ITC,15m,2026-09-24T11:45:00+05:30,268.4,268.4,267.55,267.55,0.0,yahoo_live
ITC,15m,2026-09-24T12:00:00+05:30,267.55,268.1,267.4,267.75,0.0,yahoo_live
ITC,15m,2026-09-24T12:15:00+05:30,267.75,268.35,267.75,268.25,0.0,yahoo_live
ITC,15m,2026-09-24T12:30:00+05:30,268.25,268.25,267.7,267.95,0.0,yahoo_live
ITC,15m,2026-09-24T12:45:00+05:30,268.0,268.15,267.9,268.05,0.0,yahoo_live
ITC,15m,2026-09-24T13:00:00+05:30,268.05,268.9,268.0,268.75,0.0,yahoo_live
ITC,15m,2026-09-24T13:15:00+05:30,268.7,268.9,267.8,267.9,0.0,yahoo_live
ITC,15m,2026-09-24T13:30:00+05:30,267.9,268.45,267.65,267.75,0.0,yahoo_live
ITC,15m,2026-09-24T13:45:00+05:30,267.75,267.85,267.05,267.2,0.0,yahoo_live
ITC,15m,2026-09-24T14:00:00+05:30,267.25,267.65,267.15,267.5,0.0,yahoo_live
ITC,15m,2026-09-24T14:15:00+05:30,267.45,267.8,267.4,267.6,0.0,yahoo_live
ITC,15m,2026-09-24T14:30:00+05:30,267.6,268.5,267.45,268.25,0.0,yahoo_live
JIOFIN,15m,2026-09-24T09:15:00+05:30,229.83,230.34,229.02,229.96,0.0,yahoo_live
JIOFIN,15m,2026-09-24T09:30:00+05:30,229.94,230.54,229.75,229.8,0.0,yahoo_live
JIOFIN,15m,2026-09-24T09:45:00+05:30,229.8,230.0,229.64,229.85,0.0,yahoo_live
JIOFIN,15m,2026-09-24T10:00:00+05:30,229.88,230.09,229.7,229.71,0.0,yahoo_live
JIOFIN,15m,2026-09-24T10:15:00+05:30,229.71,229.88,229.47,229.77,0.0,yahoo_live
JIOFIN,15m,2026-09-24T10:30:00+05:30,229.77,230.45,229.72,230.2,0.0,yahoo_live
JIOFIN,15m,2026-09-24T10:45:00+05:30,230.14,230.28,230.02,230.15,0.0,yahoo_live
JIOFIN,15m,2026-09-24T11:00:00+05:30,230.15,230.17,229.61,229.69,0.0,yahoo_live
JIOFIN,15m,2026-09-24T11:15:00+05:30,229.61,229.96,229.61,229.74,0.0,yahoo_live
JIOFIN,15m,2026-09-24T11:30:00+05:30,229.67,229.89,229.51,229.71,0.0,yahoo_live
JIOFIN,15m,2026-09-24T11:45:00+05:30,229.65,229.75,229.55,229.59,0.0,yahoo_live
JIOFIN,15m,2026-09-24T12:00:00+05:30,229.59,229.69,229.31,229.32,0.0,yahoo_live
JIOFIN,15m,2026-09-24T12:15:00+05:30,229.35,229.65,229.14,229.51,0.0,yahoo_live
JIOFIN,15m,2026-09-24T12:30:00+05:30,229.59,229.59,229.09,229.42,0.0,yahoo_live
JIOFIN,15m,2026-09-24T12:45:00+05:30,229.42,229.49,229.25,229.3,0.0,yahoo_live
JIOFIN,15m,2026-09-24T13:00:00+05:30,229.34,229.42,229.16,229.29,0.0,yahoo_live
JIOFIN,15m,2026-09-24T13:15:00+05:30,229.28,229.32,228.56,228.68,0.0,yahoo_live
JIOFIN,15m,2026-09-24T13:30:00+05:30,228.61,228.94,228.4,228.45,0.0,yahoo_live
JIOFIN,15m,2026-09-24T13:45:00+05:30,228.45,228.59,227.3,227.45,0.0,yahoo_live
JIOFIN,15m,2026-09-24T14:00:00+05:30,227.48,227.81,227.21,227.35,0.0,yahoo_live
JIOFIN,15m,2026-09-24T14:15:00+05:30,227.35,227.47,226.7,226.87,0.0,yahoo_live
JIOFIN,15m,2026-09-24T14:30:00+05:30,226.91,227.43,226.75,227.16,0.0,yahoo_live
JSWSTEEL,15m,2026-09-24T09:15:00+05:30,1286.1,1292.5,1282.4,1290.4,0.0,yahoo_live
JSWSTEEL,15m,2026-09-24T09:30:00+05:30,1290.6,1297.8,1288.0,1288.1,0.0,yahoo_live
JSWSTEEL,15m,2026-09-24T09:45:00+05:30,1288.1,1288.9,1285.5,1286.1,0.0,yahoo_live
JSWSTEEL,15m,2026-09-24T10:00:00+05:30,1286.9,1288.0,1286.1,1287.2,0.0,yahoo_live
JSWSTEEL,15m,2026-09-24T10:15:00+05:30,1287.2,1289.4,1286.9,1288.3,0.0,yahoo_live
JSWSTEEL,15m,2026-09-24T10:30:00+05:30,1288.3,1290.3,1287.7,1288.6,0.0,yahoo_live
JSWSTEEL,15m,2026-09-24T10:45:00+05:30,1288.3,1288.9,1287.3,1287.3,0.0,yahoo_live
JSWSTEEL,15m,2026-09-24T11:00:00+05:30,1287.5,1288.2,1284.4,1285.0,0.0,yahoo_live
JSWSTEEL,15m,2026-09-24T11:15:00+05:30,1284.8,1286.4,1283.2,1284.2,0.0,yahoo_live
JSWSTEEL,15m,2026-09-24T11:30:00+05:30,1284.5,1284.6,1280.8,1282.0,0.0,yahoo_live
JSWSTEEL,15m,2026-09-24T11:45:00+05:30,1282.1,1284.9,1281.0,1283.2,0.0,yahoo_live
JSWSTEEL,15m,2026-09-24T12:00:00+05:30,1283.8,1285.0,1282.9,1283.0,0.0,yahoo_live
JSWSTEEL,15m,2026-09-24T12:15:00+05:30,1282.9,1283.0,1280.1,1282.0,0.0,yahoo_live
JSWSTEEL,15m,2026-09-24T12:30:00+05:30,1281.5,1283.9,1281.3,1282.7,0.0,yahoo_live
JSWSTEEL,15m,2026-09-24T12:45:00+05:30,1282.7,1282.9,1281.0,1281.5,0.0,yahoo_live
JSWSTEEL,15m,2026-09-24T13:00:00+05:30,1281.8,1282.2,1280.4,1280.8,0.0,yahoo_live
JSWSTEEL,15m,2026-09-24T13:15:00+05:30,1280.8,1280.8,1274.2,1276.1,0.0,yahoo_live
JSWSTEEL,15m,2026-09-24T13:30:00+05:30,1275.7,1276.8,1273.7,1273.8,0.0,yahoo_live
JSWSTEEL,15m,2026-09-24T13:45:00+05:30,1273.8,1274.6,1272.4,1274.1,0.0,yahoo_live
JSWSTEEL,15m,2026-09-24T14:00:00+05:30,1274.1,1276.0,1273.8,1274.5,0.0,yahoo_live
JSWSTEEL,15m,2026-09-24T14:15:00+05:30,1274.9,1276.7,1273.5,1275.6,0.0,yahoo_live
JSWSTEEL,15m,2026-09-24T14:30:00+05:30,1275.1,1277.9,1275.1,1275.9,0.0,yahoo_live
KOTAKBANK,15m,2026-09-24T09:15:00+05:30,407.0,410.0,404.35,405.9,0.0,yahoo_live
KOTAKBANK,15m,2026-09-24T09:30:00+05:30,406.1,406.45,405.0,405.3,0.0,yahoo_live
KOTAKBANK,15m,2026-09-24T09:45:00+05:30,405.3,408.5,405.2,407.85,0.0,yahoo_live
KOTAKBANK,15m,2026-09-24T10:00:00+05:30,407.85,408.85,407.8,408.4,0.0,yahoo_live
KOTAKBANK,15m,2026-09-24T10:15:00+05:30,408.35,408.75,407.55,408.25,0.0,yahoo_live
KOTAKBANK,15m,2026-09-24T10:30:00+05:30,408.2,408.5,407.75,408.3,0.0,yahoo_live
KOTAKBANK,15m,2026-09-24T10:45:00+05:30,408.2,408.85,407.8,408.45,0.0,yahoo_live
KOTAKBANK,15m,2026-09-24T11:00:00+05:30,408.35,408.5,407.2,407.35,0.0,yahoo_live
KOTAKBANK,15m,2026-09-24T11:15:00+05:30,407.3,407.6,406.6,406.9,0.0,yahoo_live
KOTAKBANK,15m,2026-09-24T11:30:00+05:30,406.9,407.7,406.65,406.8,0.0,yahoo_live
KOTAKBANK,15m,2026-09-24T11:45:00+05:30,406.75,407.2,406.45,406.95,0.0,yahoo_live
KOTAKBANK,15m,2026-09-24T12:00:00+05:30,406.9,407.7,406.9,407.35,0.0,yahoo_live
KOTAKBANK,15m,2026-09-24T12:15:00+05:30,407.3,408.0,407.1,407.8,0.0,yahoo_live
KOTAKBANK,15m,2026-09-24T12:30:00+05:30,407.9,408.2,407.65,407.8,0.0,yahoo_live
KOTAKBANK,15m,2026-09-24T12:45:00+05:30,407.7,408.85,407.6,408.0,0.0,yahoo_live
KOTAKBANK,15m,2026-09-24T13:00:00+05:30,408.0,408.45,407.75,408.45,0.0,yahoo_live
KOTAKBANK,15m,2026-09-24T13:15:00+05:30,408.4,408.45,407.4,407.75,0.0,yahoo_live
KOTAKBANK,15m,2026-09-24T13:30:00+05:30,407.8,408.2,406.5,406.7,0.0,yahoo_live
KOTAKBANK,15m,2026-09-24T13:45:00+05:30,406.75,407.05,406.2,406.5,0.0,yahoo_live
KOTAKBANK,15m,2026-09-24T14:00:00+05:30,406.5,407.2,406.2,406.55,0.0,yahoo_live
KOTAKBANK,15m,2026-09-24T14:15:00+05:30,406.6,406.75,405.6,405.8,0.0,yahoo_live
KOTAKBANK,15m,2026-09-24T14:30:00+05:30,405.75,406.5,405.55,406.15,0.0,yahoo_live
LT,15m,2026-09-24T09:15:00+05:30,3885.8,3907.0,3885.8,3894.3,0.0,yahoo_live
LT,15m,2026-09-24T09:30:00+05:30,3894.5,3894.8,3884.0,3884.9,0.0,yahoo_live
LT,15m,2026-09-24T09:45:00+05:30,3885.0,3886.8,3880.6,3885.0,0.0,yahoo_live
LT,15m,2026-09-24T10:00:00+05:30,3885.2,3891.9,3882.4,3883.0,0.0,yahoo_live
LT,15m,2026-09-24T10:15:00+05:30,3883.0,3884.4,3877.1,3881.1,0.0,yahoo_live
LT,15m,2026-09-24T10:30:00+05:30,3881.1,3891.0,3881.0,3886.2,0.0,yahoo_live
LT,15m,2026-09-24T10:45:00+05:30,3885.4,3889.0,3884.0,3885.3,0.0,yahoo_live
LT,15m,2026-09-24T11:00:00+05:30,3885.0,3885.5,3871.5,3872.2,0.0,yahoo_live
LT,15m,2026-09-24T11:15:00+05:30,3872.2,3879.8,3869.1,3872.7,0.0,yahoo_live
LT,15m,2026-09-24T11:30:00+05:30,3872.0,3880.0,3870.0,3878.0,0.0,yahoo_live
LT,15m,2026-09-24T11:45:00+05:30,3877.9,3879.0,3867.7,3869.0,0.0,yahoo_live
LT,15m,2026-09-24T12:00:00+05:30,3868.4,3875.6,3868.4,3869.0,0.0,yahoo_live
LT,15m,2026-09-24T12:15:00+05:30,3868.9,3871.9,3865.0,3868.8,0.0,yahoo_live
LT,15m,2026-09-24T12:30:00+05:30,3868.8,3871.4,3865.0,3868.3,0.0,yahoo_live
LT,15m,2026-09-24T12:45:00+05:30,3868.5,3873.1,3865.3,3872.7,0.0,yahoo_live
LT,15m,2026-09-24T13:00:00+05:30,3872.6,3878.7,3872.0,3877.9,0.0,yahoo_live
LT,15m,2026-09-24T13:15:00+05:30,3877.2,3877.9,3867.0,3872.0,0.0,yahoo_live
LT,15m,2026-09-24T13:30:00+05:30,3872.0,3875.5,3866.0,3866.3,0.0,yahoo_live
LT,15m,2026-09-24T13:45:00+05:30,3866.3,3868.2,3853.2,3854.5,0.0,yahoo_live
LT,15m,2026-09-24T14:00:00+05:30,3854.5,3859.7,3849.0,3858.0,0.0,yahoo_live
LT,15m,2026-09-24T14:15:00+05:30,3856.9,3863.9,3855.3,3861.3,0.0,yahoo_live
LT,15m,2026-09-24T14:30:00+05:30,3861.4,3865.6,3859.0,3865.0,0.0,yahoo_live
M&M,15m,2026-09-24T09:15:00+05:30,3021.3,3025.5,3009.7,3016.3,0.0,yahoo_live
M&M,15m,2026-09-24T09:30:00+05:30,3016.4,3021.2,3012.3,3013.9,0.0,yahoo_live
M&M,15m,2026-09-24T09:45:00+05:30,3013.2,3017.1,3009.4,3013.0,0.0,yahoo_live
M&M,15m,2026-09-24T10:00:00+05:30,3013.1,3016.0,3012.0,3013.9,0.0,yahoo_live
M&M,15m,2026-09-24T10:15:00+05:30,3014.0,3015.9,3011.7,3015.4,0.0,yahoo_live
M&M,15m,2026-09-24T10:30:00+05:30,3015.7,3023.0,3015.4,3019.8,0.0,yahoo_live
M&M,15m,2026-09-24T10:45:00+05:30,3019.0,3027.3,3019.0,3025.0,0.0,yahoo_live
M&M,15m,2026-09-24T11:00:00+05:30,3025.0,3035.6,3021.2,3035.0,0.0,yahoo_live
M&M,15m,2026-09-24T11:15:00+05:30,3035.0,3039.0,3032.0,3032.7,0.0,yahoo_live
M&M,15m,2026-09-24T11:30:00+05:30,3032.0,3033.5,3020.1,3028.8,0.0,yahoo_live
M&M,15m,2026-09-24T11:45:00+05:30,3028.7,3030.3,3018.1,3020.3,0.0,yahoo_live
M&M,15m,2026-09-24T12:00:00+05:30,3020.0,3025.4,3019.0,3022.4,0.0,yahoo_live
M&M,15m,2026-09-24T12:15:00+05:30,3022.0,3024.8,3019.0,3021.9,0.0,yahoo_live
M&M,15m,2026-09-24T12:30:00+05:30,3021.3,3022.1,3012.3,3012.6,0.0,yahoo_live
M&M,15m,2026-09-24T12:45:00+05:30,3012.6,3014.8,3009.6,3010.8,0.0,yahoo_live
M&M,15m,2026-09-24T13:00:00+05:30,3010.8,3012.0,3007.5,3009.3,0.0,yahoo_live
M&M,15m,2026-09-24T13:15:00+05:30,3009.3,3012.4,3005.7,3008.0,0.0,yahoo_live
M&M,15m,2026-09-24T13:30:00+05:30,3008.6,3012.1,2997.3,2997.5,0.0,yahoo_live
M&M,15m,2026-09-24T13:45:00+05:30,2997.3,2999.9,2990.0,2990.8,0.0,yahoo_live
M&M,15m,2026-09-24T14:00:00+05:30,2991.1,2995.0,2987.3,2993.1,0.0,yahoo_live
M&M,15m,2026-09-24T14:15:00+05:30,2993.0,2994.6,2988.0,2989.8,0.0,yahoo_live
M&M,15m,2026-09-24T14:30:00+05:30,2989.7,2998.9,2988.5,2993.6,0.0,yahoo_live
MARUTI,15m,2026-09-24T09:15:00+05:30,12157.0,12181.0,12130.0,12155.0,0.0,yahoo_live
MARUTI,15m,2026-09-24T09:30:00+05:30,12157.0,12157.0,12103.0,12114.0,0.0,yahoo_live
MARUTI,15m,2026-09-24T09:45:00+05:30,12112.0,12157.0,12108.0,12122.0,0.0,yahoo_live
MARUTI,15m,2026-09-24T10:00:00+05:30,12126.0,12136.0,12107.0,12110.0,0.0,yahoo_live
MARUTI,15m,2026-09-24T10:15:00+05:30,12110.0,12126.0,12103.0,12118.0,0.0,yahoo_live
MARUTI,15m,2026-09-24T10:30:00+05:30,12117.0,12136.0,12115.0,12130.0,0.0,yahoo_live
MARUTI,15m,2026-09-24T10:45:00+05:30,12126.0,12140.0,12117.0,12124.0,0.0,yahoo_live
MARUTI,15m,2026-09-24T11:00:00+05:30,12123.0,12133.0,12116.0,12125.0,0.0,yahoo_live
MARUTI,15m,2026-09-24T11:15:00+05:30,12126.0,12151.0,12125.0,12132.0,0.0,yahoo_live
MARUTI,15m,2026-09-24T11:30:00+05:30,12131.0,12150.0,12120.0,12145.0,0.0,yahoo_live
MARUTI,15m,2026-09-24T11:45:00+05:30,12145.0,12149.0,12125.0,12131.0,0.0,yahoo_live
MARUTI,15m,2026-09-24T12:00:00+05:30,12129.0,12153.0,12126.0,12149.0,0.0,yahoo_live
MARUTI,15m,2026-09-24T12:15:00+05:30,12150.0,12157.0,12130.0,12135.0,0.0,yahoo_live
MARUTI,15m,2026-09-24T12:30:00+05:30,12135.0,12143.0,12105.0,12109.0,0.0,yahoo_live
MARUTI,15m,2026-09-24T12:45:00+05:30,12109.0,12125.0,12108.0,12122.0,0.0,yahoo_live
MARUTI,15m,2026-09-24T13:00:00+05:30,12122.0,12132.0,12110.0,12122.0,0.0,yahoo_live
MARUTI,15m,2026-09-24T13:15:00+05:30,12121.0,12125.0,12087.0,12097.0,0.0,yahoo_live
MARUTI,15m,2026-09-24T13:30:00+05:30,12094.0,12106.0,12044.0,12045.0,0.0,yahoo_live
MARUTI,15m,2026-09-24T13:45:00+05:30,12045.0,12050.0,12015.0,12019.0,0.0,yahoo_live
MARUTI,15m,2026-09-24T14:00:00+05:30,12018.0,12039.0,12016.0,12030.0,0.0,yahoo_live
MARUTI,15m,2026-09-24T14:15:00+05:30,12030.0,12034.0,12006.0,12006.0,0.0,yahoo_live
MARUTI,15m,2026-09-24T14:30:00+05:30,12010.0,12029.0,12005.0,12025.0,0.0,yahoo_live
NESTLEIND,15m,2026-09-24T09:15:00+05:30,1382.8,1384.3,1373.2,1379.7,0.0,yahoo_live
NESTLEIND,15m,2026-09-24T09:30:00+05:30,1380.7,1382.6,1374.6,1375.0,0.0,yahoo_live
NESTLEIND,15m,2026-09-24T09:45:00+05:30,1374.7,1375.4,1372.1,1372.5,0.0,yahoo_live
NESTLEIND,15m,2026-09-24T10:00:00+05:30,1372.9,1374.9,1371.2,1371.7,0.0,yahoo_live
NESTLEIND,15m,2026-09-24T10:15:00+05:30,1371.7,1373.9,1371.2,1373.0,0.0,yahoo_live
NESTLEIND,15m,2026-09-24T10:30:00+05:30,1373.4,1374.0,1370.2,1370.9,0.0,yahoo_live
NESTLEIND,15m,2026-09-24T10:45:00+05:30,1371.0,1372.4,1369.0,1372.4,0.0,yahoo_live
NESTLEIND,15m,2026-09-24T11:00:00+05:30,1372.4,1372.8,1367.3,1367.3,0.0,yahoo_live
NESTLEIND,15m,2026-09-24T11:15:00+05:30,1367.4,1369.6,1366.3,1368.0,0.0,yahoo_live
NESTLEIND,15m,2026-09-24T11:30:00+05:30,1367.9,1370.0,1366.1,1367.1,0.0,yahoo_live
NESTLEIND,15m,2026-09-24T11:45:00+05:30,1367.1,1367.3,1365.9,1367.1,0.0,yahoo_live
NESTLEIND,15m,2026-09-24T12:00:00+05:30,1367.1,1370.2,1366.7,1368.8,0.0,yahoo_live
NESTLEIND,15m,2026-09-24T12:15:00+05:30,1368.8,1369.7,1368.0,1368.3,0.0,yahoo_live
NESTLEIND,15m,2026-09-24T12:30:00+05:30,1368.3,1369.0,1366.1,1366.3,0.0,yahoo_live
NESTLEIND,15m,2026-09-24T12:45:00+05:30,1366.3,1366.7,1363.0,1363.5,0.0,yahoo_live
NESTLEIND,15m,2026-09-24T13:00:00+05:30,1363.3,1365.5,1363.2,1364.8,0.0,yahoo_live
NESTLEIND,15m,2026-09-24T13:15:00+05:30,1364.8,1365.1,1362.0,1363.1,0.0,yahoo_live
NESTLEIND,15m,2026-09-24T13:30:00+05:30,1363.1,1364.0,1359.1,1359.9,0.0,yahoo_live
NESTLEIND,15m,2026-09-24T13:45:00+05:30,1360.3,1361.6,1358.4,1358.7,0.0,yahoo_live
NESTLEIND,15m,2026-09-24T14:00:00+05:30,1358.7,1361.2,1357.7,1359.4,0.0,yahoo_live
NESTLEIND,15m,2026-09-24T14:15:00+05:30,1359.4,1360.3,1357.0,1357.3,0.0,yahoo_live
NESTLEIND,15m,2026-09-24T14:30:00+05:30,1357.3,1358.9,1356.8,1357.3,0.0,yahoo_live
NTPC,15m,2026-09-24T09:15:00+05:30,326.75,326.75,325.8,326.05,0.0,yahoo_live
NTPC,15m,2026-09-24T09:30:00+05:30,326.0,326.45,325.85,326.15,0.0,yahoo_live
NTPC,15m,2026-09-24T09:45:00+05:30,326.05,326.15,325.6,325.9,0.0,yahoo_live
NTPC,15m,2026-09-24T10:00:00+05:30,325.95,326.4,325.9,325.9,0.0,yahoo_live
NTPC,15m,2026-09-24T10:15:00+05:30,325.95,326.05,325.1,325.45,0.0,yahoo_live
NTPC,15m,2026-09-24T10:30:00+05:30,325.35,326.4,325.35,326.1,0.0,yahoo_live
NTPC,15m,2026-09-24T10:45:00+05:30,326.1,327.2,326.1,327.15,0.0,yahoo_live
NTPC,15m,2026-09-24T11:00:00+05:30,327.2,327.2,326.15,326.75,0.0,yahoo_live
NTPC,15m,2026-09-24T11:15:00+05:30,326.7,326.9,326.5,326.6,0.0,yahoo_live
NTPC,15m,2026-09-24T11:30:00+05:30,326.55,326.85,326.35,326.5,0.0,yahoo_live
NTPC,15m,2026-09-24T11:45:00+05:30,326.5,327.1,326.2,326.5,0.0,yahoo_live
NTPC,15m,2026-09-24T12:00:00+05:30,326.5,327.7,326.45,327.0,0.0,yahoo_live
NTPC,15m,2026-09-24T12:15:00+05:30,327.0,327.1,326.1,326.75,0.0,yahoo_live
NTPC,15m,2026-09-24T12:30:00+05:30,326.65,326.75,326.2,326.35,0.0,yahoo_live
NTPC,15m,2026-09-24T12:45:00+05:30,326.3,326.4,326.0,326.2,0.0,yahoo_live
NTPC,15m,2026-09-24T13:00:00+05:30,326.1,326.2,326.0,326.15,0.0,yahoo_live
NTPC,15m,2026-09-24T13:15:00+05:30,326.0,326.25,325.5,325.6,0.0,yahoo_live
NTPC,15m,2026-09-24T13:30:00+05:30,325.75,326.05,325.65,325.8,0.0,yahoo_live
NTPC,15m,2026-09-24T13:45:00+05:30,325.75,325.85,324.5,324.5,0.0,yahoo_live
NTPC,15m,2026-09-24T14:00:00+05:30,324.55,325.05,324.5,324.55,0.0,yahoo_live
NTPC,15m,2026-09-24T14:15:00+05:30,324.65,325.3,324.45,325.3,0.0,yahoo_live
NTPC,15m,2026-09-24T14:30:00+05:30,325.2,326.0,325.2,325.7,0.0,yahoo_live
ONGC,15m,2026-09-24T09:15:00+05:30,235.61,237.5,235.43,235.85,0.0,yahoo_live
ONGC,15m,2026-09-24T09:30:00+05:30,235.9,236.42,235.87,236.13,0.0,yahoo_live
ONGC,15m,2026-09-24T09:45:00+05:30,236.15,236.15,235.5,235.79,0.0,yahoo_live
ONGC,15m,2026-09-24T10:00:00+05:30,235.76,235.84,235.5,235.62,0.0,yahoo_live
ONGC,15m,2026-09-24T10:15:00+05:30,235.61,235.86,235.4,235.79,0.0,yahoo_live
ONGC,15m,2026-09-24T10:30:00+05:30,235.79,236.0,235.75,235.88,0.0,yahoo_live
ONGC,15m,2026-09-24T10:45:00+05:30,235.88,235.89,235.61,235.61,0.0,yahoo_live
ONGC,15m,2026-09-24T11:00:00+05:30,235.62,235.69,235.24,235.24,0.0,yahoo_live
ONGC,15m,2026-09-24T11:15:00+05:30,235.23,235.41,235.23,235.34,0.0,yahoo_live
ONGC,15m,2026-09-24T11:30:00+05:30,235.34,235.99,235.3,235.89,0.0,yahoo_live
ONGC,15m,2026-09-24T11:45:00+05:30,235.87,236.38,235.79,236.14,0.0,yahoo_live
ONGC,15m,2026-09-24T12:00:00+05:30,236.12,236.3,236.05,236.19,0.0,yahoo_live
ONGC,15m,2026-09-24T12:15:00+05:30,236.19,236.27,235.44,235.95,0.0,yahoo_live
ONGC,15m,2026-09-24T12:30:00+05:30,235.96,235.96,235.62,235.73,0.0,yahoo_live
ONGC,15m,2026-09-24T12:45:00+05:30,235.74,236.08,235.69,236.05,0.0,yahoo_live
ONGC,15m,2026-09-24T13:00:00+05:30,236.04,236.3,235.75,235.8,0.0,yahoo_live
ONGC,15m,2026-09-24T13:15:00+05:30,235.8,236.25,235.72,235.94,0.0,yahoo_live
ONGC,15m,2026-09-24T13:30:00+05:30,236.0,236.26,235.97,236.04,0.0,yahoo_live
ONGC,15m,2026-09-24T13:45:00+05:30,236.04,236.64,236.01,236.28,0.0,yahoo_live
ONGC,15m,2026-09-24T14:00:00+05:30,236.26,236.36,236.07,236.17,0.0,yahoo_live
ONGC,15m,2026-09-24T14:15:00+05:30,236.17,236.47,236.04,236.26,0.0,yahoo_live
ONGC,15m,2026-09-24T14:30:00+05:30,236.36,236.8,236.21,236.41,0.0,yahoo_live
POWERGRID,15m,2026-09-24T09:15:00+05:30,269.0,270.2,268.35,268.65,0.0,yahoo_live
POWERGRID,15m,2026-09-24T09:30:00+05:30,268.75,268.8,267.85,267.85,0.0,yahoo_live
POWERGRID,15m,2026-09-24T09:45:00+05:30,267.85,268.0,267.5,267.8,0.0,yahoo_live
POWERGRID,15m,2026-09-24T10:00:00+05:30,267.8,268.15,267.55,267.65,0.0,yahoo_live
POWERGRID,15m,2026-09-24T10:15:00+05:30,267.65,268.2,267.4,268.15,0.0,yahoo_live
POWERGRID,15m,2026-09-24T10:30:00+05:30,268.1,269.15,268.1,268.9,0.0,yahoo_live
POWERGRID,15m,2026-09-24T10:45:00+05:30,268.9,269.0,268.1,268.65,0.0,yahoo_live
POWERGRID,15m,2026-09-24T11:00:00+05:30,268.65,269.1,268.05,268.05,0.0,yahoo_live
POWERGRID,15m,2026-09-24T11:15:00+05:30,268.0,268.25,267.55,267.55,0.0,yahoo_live
POWERGRID,15m,2026-09-24T11:30:00+05:30,267.55,267.8,267.1,267.35,0.0,yahoo_live
POWERGRID,15m,2026-09-24T11:45:00+05:30,267.35,267.95,267.1,267.5,0.0,yahoo_live
POWERGRID,15m,2026-09-24T12:00:00+05:30,267.45,267.85,267.4,267.45,0.0,yahoo_live
POWERGRID,15m,2026-09-24T12:15:00+05:30,267.4,267.95,267.2,267.5,0.0,yahoo_live
POWERGRID,15m,2026-09-24T12:30:00+05:30,267.5,267.6,266.6,266.65,0.0,yahoo_live
POWERGRID,15m,2026-09-24T12:45:00+05:30,266.65,266.8,266.35,266.7,0.0,yahoo_live
POWERGRID,15m,2026-09-24T13:00:00+05:30,266.65,267.1,266.5,267.05,0.0,yahoo_live
POWERGRID,15m,2026-09-24T13:15:00+05:30,267.05,267.05,266.3,266.6,0.0,yahoo_live
POWERGRID,15m,2026-09-24T13:30:00+05:30,266.55,266.95,266.55,266.75,0.0,yahoo_live
POWERGRID,15m,2026-09-24T13:45:00+05:30,266.7,266.75,265.75,265.85,0.0,yahoo_live
POWERGRID,15m,2026-09-24T14:00:00+05:30,265.85,266.2,265.75,266.15,0.0,yahoo_live
POWERGRID,15m,2026-09-24T14:15:00+05:30,266.15,266.4,266.0,266.35,0.0,yahoo_live
POWERGRID,15m,2026-09-24T14:30:00+05:30,266.35,267.25,266.25,267.1,0.0,yahoo_live
RELIANCE,15m,2026-09-24T09:15:00+05:30,1236.0,1241.2,1236.0,1239.0,0.0,yahoo_live
RELIANCE,15m,2026-09-24T09:30:00+05:30,1238.7,1240.7,1238.5,1238.7,0.0,yahoo_live
RELIANCE,15m,2026-09-24T09:45:00+05:30,1238.7,1239.9,1237.1,1238.2,0.0,yahoo_live
RELIANCE,15m,2026-09-24T10:00:00+05:30,1238.2,1238.7,1237.5,1237.7,0.0,yahoo_live
RELIANCE,15m,2026-09-24T10:15:00+05:30,1237.8,1237.9,1236.1,1236.8,0.0,yahoo_live
RELIANCE,15m,2026-09-24T10:30:00+05:30,1236.8,1237.1,1235.8,1236.3,0.0,yahoo_live
RELIANCE,15m,2026-09-24T10:45:00+05:30,1236.6,1237.2,1236.2,1236.8,0.0,yahoo_live
RELIANCE,15m,2026-09-24T11:00:00+05:30,1236.7,1236.7,1233.0,1233.2,0.0,yahoo_live
RELIANCE,15m,2026-09-24T11:15:00+05:30,1233.1,1234.6,1233.0,1233.8,0.0,yahoo_live
RELIANCE,15m,2026-09-24T11:30:00+05:30,1233.7,1234.1,1232.3,1233.3,0.0,yahoo_live
RELIANCE,15m,2026-09-24T11:45:00+05:30,1233.2,1233.3,1231.7,1232.1,0.0,yahoo_live
RELIANCE,15m,2026-09-24T12:00:00+05:30,1232.0,1232.6,1231.6,1231.7,0.0,yahoo_live
RELIANCE,15m,2026-09-24T12:15:00+05:30,1231.7,1232.1,1228.9,1229.0,0.0,yahoo_live
RELIANCE,15m,2026-09-24T12:30:00+05:30,1229.0,1229.4,1226.7,1227.2,0.0,yahoo_live
RELIANCE,15m,2026-09-24T12:45:00+05:30,1227.2,1229.4,1227.1,1228.6,0.0,yahoo_live
RELIANCE,15m,2026-09-24T13:00:00+05:30,1228.7,1230.8,1228.6,1229.4,0.0,yahoo_live
RELIANCE,15m,2026-09-24T13:15:00+05:30,1229.4,1229.6,1226.8,1227.6,0.0,yahoo_live
RELIANCE,15m,2026-09-24T13:30:00+05:30,1227.6,1228.8,1225.1,1225.2,0.0,yahoo_live
RELIANCE,15m,2026-09-24T13:45:00+05:30,1225.2,1225.9,1222.1,1222.6,0.0,yahoo_live
RELIANCE,15m,2026-09-24T14:00:00+05:30,1222.5,1224.9,1222.5,1223.4,0.0,yahoo_live
RELIANCE,15m,2026-09-24T14:15:00+05:30,1223.6,1224.3,1221.0,1222.7,0.0,yahoo_live
RELIANCE,15m,2026-09-24T14:30:00+05:30,1222.7,1224.3,1222.3,1222.8,0.0,yahoo_live
SBILIFE,15m,2026-09-24T09:15:00+05:30,1703.5,1756.6,1703.5,1755.2,0.0,yahoo_live
SBILIFE,15m,2026-09-24T09:30:00+05:30,1757.3,1787.7,1757.3,1783.9,0.0,yahoo_live
SBILIFE,15m,2026-09-24T09:45:00+05:30,1785.0,1786.2,1775.6,1784.8,0.0,yahoo_live
SBILIFE,15m,2026-09-24T10:00:00+05:30,1784.9,1791.4,1765.0,1770.3,0.0,yahoo_live
SBILIFE,15m,2026-09-24T10:15:00+05:30,1770.3,1775.5,1761.8,1764.5,0.0,yahoo_live
SBILIFE,15m,2026-09-24T10:30:00+05:30,1764.5,1765.8,1760.3,1762.9,0.0,yahoo_live
SBILIFE,15m,2026-09-24T10:45:00+05:30,1762.2,1767.5,1758.2,1762.9,0.0,yahoo_live
SBILIFE,15m,2026-09-24T11:00:00+05:30,1763.3,1763.4,1757.0,1758.0,0.0,yahoo_live
SBILIFE,15m,2026-09-24T11:15:00+05:30,1758.0,1761.1,1756.3,1758.8,0.0,yahoo_live
SBILIFE,15m,2026-09-24T11:30:00+05:30,1758.6,1760.0,1751.0,1753.1,0.0,yahoo_live
SBILIFE,15m,2026-09-24T11:45:00+05:30,1753.0,1760.0,1750.7,1759.7,0.0,yahoo_live
SBILIFE,15m,2026-09-24T12:00:00+05:30,1759.1,1760.8,1757.6,1759.7,0.0,yahoo_live
SBILIFE,15m,2026-09-24T12:15:00+05:30,1759.5,1769.6,1758.5,1766.8,0.0,yahoo_live
SBILIFE,15m,2026-09-24T12:30:00+05:30,1766.5,1770.0,1760.5,1767.0,0.0,yahoo_live
SBILIFE,15m,2026-09-24T12:45:00+05:30,1766.8,1767.6,1762.0,1763.6,0.0,yahoo_live
SBILIFE,15m,2026-09-24T13:00:00+05:30,1763.8,1769.7,1761.9,1769.7,0.0,yahoo_live
SBILIFE,15m,2026-09-24T13:15:00+05:30,1769.8,1769.8,1760.0,1765.1,0.0,yahoo_live
SBILIFE,15m,2026-09-24T13:30:00+05:30,1765.4,1768.5,1759.6,1761.0,0.0,yahoo_live
SBILIFE,15m,2026-09-24T13:45:00+05:30,1760.7,1761.8,1758.9,1759.7,0.0,yahoo_live
SBILIFE,15m,2026-09-24T14:00:00+05:30,1760.0,1762.4,1754.3,1757.9,0.0,yahoo_live
SBILIFE,15m,2026-09-24T14:15:00+05:30,1759.0,1759.4,1752.9,1754.9,0.0,yahoo_live
SBILIFE,15m,2026-09-24T14:30:00+05:30,1755.4,1759.4,1754.3,1757.9,0.0,yahoo_live
SBIN,15m,2026-09-24T09:15:00+05:30,984.0,992.0,984.0,988.0,0.0,yahoo_live
SBIN,15m,2026-09-24T09:30:00+05:30,987.7,987.7,985.7,986.2,0.0,yahoo_live
SBIN,15m,2026-09-24T09:45:00+05:30,986.2,986.8,984.2,986.8,0.0,yahoo_live
SBIN,15m,2026-09-24T10:00:00+05:30,986.4,986.8,985.5,986.8,0.0,yahoo_live
SBIN,15m,2026-09-24T10:15:00+05:30,986.3,986.7,985.3,985.5,0.0,yahoo_live
SBIN,15m,2026-09-24T10:30:00+05:30,985.4,986.9,985.4,986.3,0.0,yahoo_live
SBIN,15m,2026-09-24T10:45:00+05:30,986.0,988.0,986.0,988.0,0.0,yahoo_live
SBIN,15m,2026-09-24T11:00:00+05:30,988.5,988.5,986.7,987.0,0.0,yahoo_live
SBIN,15m,2026-09-24T11:15:00+05:30,986.9,990.3,986.7,987.6,0.0,yahoo_live
SBIN,15m,2026-09-24T11:30:00+05:30,987.5,988.1,987.5,987.9,0.0,yahoo_live
SBIN,15m,2026-09-24T11:45:00+05:30,987.9,988.4,987.4,988.3,0.0,yahoo_live
SBIN,15m,2026-09-24T12:00:00+05:30,988.2,989.6,987.6,987.6,0.0,yahoo_live
SBIN,15m,2026-09-24T12:15:00+05:30,987.8,989.0,987.4,987.4,0.0,yahoo_live
SBIN,15m,2026-09-24T12:30:00+05:30,987.7,987.7,982.7,985.5,0.0,yahoo_live
SBIN,15m,2026-09-24T12:45:00+05:30,985.9,986.4,984.8,985.2,0.0,yahoo_live
SBIN,15m,2026-09-24T13:00:00+05:30,985.0,986.3,983.3,984.3,0.0,yahoo_live
SBIN,15m,2026-09-24T13:15:00+05:30,984.1,984.3,979.6,980.6,0.0,yahoo_live
SBIN,15m,2026-09-24T13:30:00+05:30,980.6,982.4,979.2,979.5,0.0,yahoo_live
SBIN,15m,2026-09-24T13:45:00+05:30,979.6,980.3,978.0,978.9,0.0,yahoo_live
SBIN,15m,2026-09-24T14:00:00+05:30,978.9,980.7,978.4,979.2,0.0,yahoo_live
SBIN,15m,2026-09-24T14:15:00+05:30,979.1,979.2,975.9,976.4,0.0,yahoo_live
SBIN,15m,2026-09-24T14:30:00+05:30,976.5,978.9,976.1,978.0,0.0,yahoo_live
SHRIRAMFIN,15m,2026-09-24T09:15:00+05:30,998.7,998.7,983.5,996.0,0.0,yahoo_live
SHRIRAMFIN,15m,2026-09-24T09:30:00+05:30,995.2,1003.6,995.2,999.3,0.0,yahoo_live
SHRIRAMFIN,15m,2026-09-24T09:45:00+05:30,999.0,1004.7,998.8,1003.4,0.0,yahoo_live
SHRIRAMFIN,15m,2026-09-24T10:00:00+05:30,1003.5,1007.8,1002.6,1003.7,0.0,yahoo_live
SHRIRAMFIN,15m,2026-09-24T10:15:00+05:30,1003.6,1004.2,1000.2,1000.2,0.0,yahoo_live
SHRIRAMFIN,15m,2026-09-24T10:30:00+05:30,1000.1,1001.2,998.6,999.4,0.0,yahoo_live
SHRIRAMFIN,15m,2026-09-24T10:45:00+05:30,999.4,1001.2,999.4,1000.5,0.0,yahoo_live
SHRIRAMFIN,15m,2026-09-24T11:00:00+05:30,1000.4,1000.8,997.9,998.1,0.0,yahoo_live
SHRIRAMFIN,15m,2026-09-24T11:15:00+05:30,997.9,999.5,997.7,997.8,0.0,yahoo_live
SHRIRAMFIN,15m,2026-09-24T11:30:00+05:30,997.9,998.0,996.9,997.3,0.0,yahoo_live
SHRIRAMFIN,15m,2026-09-24T11:45:00+05:30,997.2,999.5,997.0,997.9,0.0,yahoo_live
SHRIRAMFIN,15m,2026-09-24T12:00:00+05:30,997.8,1001.9,997.8,998.2,0.0,yahoo_live
SHRIRAMFIN,15m,2026-09-24T12:15:00+05:30,998.1,1003.4,997.2,999.9,0.0,yahoo_live
SHRIRAMFIN,15m,2026-09-24T12:30:00+05:30,1000.0,1000.3,998.4,998.5,0.0,yahoo_live
SHRIRAMFIN,15m,2026-09-24T12:45:00+05:30,998.4,998.5,996.8,996.8,0.0,yahoo_live
SHRIRAMFIN,15m,2026-09-24T13:00:00+05:30,996.8,998.0,996.2,997.4,0.0,yahoo_live
SHRIRAMFIN,15m,2026-09-24T13:15:00+05:30,996.9,998.1,996.3,997.1,0.0,yahoo_live
SHRIRAMFIN,15m,2026-09-24T13:30:00+05:30,997.0,997.3,994.2,994.8,0.0,yahoo_live
SHRIRAMFIN,15m,2026-09-24T13:45:00+05:30,994.7,994.7,988.7,991.3,0.0,yahoo_live
SHRIRAMFIN,15m,2026-09-24T14:00:00+05:30,991.4,994.4,991.1,992.6,0.0,yahoo_live
SHRIRAMFIN,15m,2026-09-24T14:15:00+05:30,993.0,993.3,990.5,990.6,0.0,yahoo_live
SHRIRAMFIN,15m,2026-09-24T14:30:00+05:30,990.7,993.2,990.0,992.2,0.0,yahoo_live
SUNPHARMA,15m,2026-09-24T09:15:00+05:30,1863.1,1879.9,1859.9,1872.8,0.0,yahoo_live
SUNPHARMA,15m,2026-09-24T09:30:00+05:30,1873.1,1875.8,1866.0,1868.9,0.0,yahoo_live
SUNPHARMA,15m,2026-09-24T09:45:00+05:30,1868.4,1871.3,1863.4,1866.3,0.0,yahoo_live
SUNPHARMA,15m,2026-09-24T10:00:00+05:30,1866.0,1868.2,1864.4,1866.7,0.0,yahoo_live
SUNPHARMA,15m,2026-09-24T10:15:00+05:30,1866.4,1871.6,1864.0,1865.3,0.0,yahoo_live
SUNPHARMA,15m,2026-09-24T10:30:00+05:30,1866.3,1868.1,1864.1,1866.2,0.0,yahoo_live
SUNPHARMA,15m,2026-09-24T10:45:00+05:30,1865.6,1867.4,1864.7,1865.8,0.0,yahoo_live
SUNPHARMA,15m,2026-09-24T11:00:00+05:30,1866.0,1868.5,1863.9,1864.4,0.0,yahoo_live
SUNPHARMA,15m,2026-09-24T11:15:00+05:30,1864.3,1870.5,1864.2,1869.1,0.0,yahoo_live
SUNPHARMA,15m,2026-09-24T11:30:00+05:30,1868.8,1870.0,1860.7,1861.8,0.0,yahoo_live
SUNPHARMA,15m,2026-09-24T11:45:00+05:30,1861.3,1865.2,1858.8,1863.5,0.0,yahoo_live
SUNPHARMA,15m,2026-09-24T12:00:00+05:30,1863.5,1867.0,1862.8,1863.7,0.0,yahoo_live
SUNPHARMA,15m,2026-09-24T12:15:00+05:30,1863.8,1864.9,1860.6,1861.1,0.0,yahoo_live
SUNPHARMA,15m,2026-09-24T12:30:00+05:30,1861.2,1864.2,1860.6,1861.4,0.0,yahoo_live
SUNPHARMA,15m,2026-09-24T12:45:00+05:30,1861.3,1862.9,1860.0,1861.0,0.0,yahoo_live
SUNPHARMA,15m,2026-09-24T13:00:00+05:30,1861.4,1861.7,1857.6,1859.2,0.0,yahoo_live
SUNPHARMA,15m,2026-09-24T13:15:00+05:30,1859.0,1859.1,1853.5,1854.3,0.0,yahoo_live
SUNPHARMA,15m,2026-09-24T13:30:00+05:30,1854.4,1857.6,1854.0,1855.8,0.0,yahoo_live
SUNPHARMA,15m,2026-09-24T13:45:00+05:30,1855.5,1857.2,1850.8,1851.1,0.0,yahoo_live
SUNPHARMA,15m,2026-09-24T14:00:00+05:30,1851.1,1852.9,1850.0,1851.3,0.0,yahoo_live
SUNPHARMA,15m,2026-09-24T14:15:00+05:30,1851.7,1852.9,1850.6,1851.6,0.0,yahoo_live
SUNPHARMA,15m,2026-09-24T14:30:00+05:30,1851.0,1854.0,1850.7,1852.7,0.0,yahoo_live
TATACONSUM,15m,2026-09-24T09:15:00+05:30,989.4,992.0,986.6,989.3,0.0,yahoo_live
TATACONSUM,15m,2026-09-24T09:30:00+05:30,989.6,991.1,985.6,986.5,0.0,yahoo_live
TATACONSUM,15m,2026-09-24T09:45:00+05:30,986.2,988.0,985.5,987.4,0.0,yahoo_live
TATACONSUM,15m,2026-09-24T10:00:00+05:30,988.0,988.0,985.1,985.3,0.0,yahoo_live
TATACONSUM,15m,2026-09-24T10:15:00+05:30,985.0,987.0,984.5,986.4,0.0,yahoo_live
TATACONSUM,15m,2026-09-24T10:30:00+05:30,986.6,988.0,985.5,986.0,0.0,yahoo_live
TATACONSUM,15m,2026-09-24T10:45:00+05:30,986.0,986.9,985.0,985.6,0.0,yahoo_live
TATACONSUM,15m,2026-09-24T11:00:00+05:30,985.6,985.9,983.0,983.0,0.0,yahoo_live
TATACONSUM,15m,2026-09-24T11:15:00+05:30,983.0,984.4,983.0,984.3,0.0,yahoo_live
TATACONSUM,15m,2026-09-24T11:30:00+05:30,984.3,988.3,983.6,987.6,0.0,yahoo_live
TATACONSUM,15m,2026-09-24T11:45:00+05:30,988.0,988.5,986.9,987.4,0.0,yahoo_live
TATACONSUM,15m,2026-09-24T12:00:00+05:30,987.4,988.5,987.0,987.3,0.0,yahoo_live
TATACONSUM,15m,2026-09-24T12:15:00+05:30,987.3,988.6,987.0,988.3,0.0,yahoo_live
TATACONSUM,15m,2026-09-24T12:30:00+05:30,988.0,988.3,985.7,986.3,0.0,yahoo_live
TATACONSUM,15m,2026-09-24T12:45:00+05:30,986.5,989.3,985.9,988.7,0.0,yahoo_live
TATACONSUM,15m,2026-09-24T13:00:00+05:30,988.9,989.6,988.1,989.0,0.0,yahoo_live
TATACONSUM,15m,2026-09-24T13:15:00+05:30,988.9,989.5,987.4,987.9,0.0,yahoo_live
TATACONSUM,15m,2026-09-24T13:30:00+05:30,987.8,988.5,987.0,987.3,0.0,yahoo_live
TATACONSUM,15m,2026-09-24T13:45:00+05:30,987.2,987.8,985.7,986.0,0.0,yahoo_live
TATACONSUM,15m,2026-09-24T14:00:00+05:30,985.7,988.0,985.7,987.9,0.0,yahoo_live
TATACONSUM,15m,2026-09-24T14:15:00+05:30,987.6,987.9,985.6,985.9,0.0,yahoo_live
TATACONSUM,15m,2026-09-24T14:30:00+05:30,985.7,988.0,985.1,987.0,0.0,yahoo_live
TATASTEEL,15m,2026-09-24T09:15:00+05:30,188.6,190.2,188.6,190.04,0.0,yahoo_live
TATASTEEL,15m,2026-09-24T09:30:00+05:30,189.92,191.8,189.8,190.7,0.0,yahoo_live
TATASTEEL,15m,2026-09-24T09:45:00+05:30,190.65,191.05,190.09,190.15,0.0,yahoo_live
TATASTEEL,15m,2026-09-24T10:00:00+05:30,190.21,190.4,189.71,189.88,0.0,yahoo_live
TATASTEEL,15m,2026-09-24T10:15:00+05:30,189.88,190.16,189.67,190.02,0.0,yahoo_live
TATASTEEL,15m,2026-09-24T10:30:00+05:30,190.04,190.57,190.03,190.16,0.0,yahoo_live
TATASTEEL,15m,2026-09-24T10:45:00+05:30,190.16,190.26,190.0,190.0,0.0,yahoo_live
TATASTEEL,15m,2026-09-24T11:00:00+05:30,190.0,190.0,189.66,189.66,0.0,yahoo_live
TATASTEEL,15m,2026-09-24T11:15:00+05:30,189.66,189.73,189.36,189.48,0.0,yahoo_live
TATASTEEL,15m,2026-09-24T11:30:00+05:30,189.47,189.47,189.15,189.17,0.0,yahoo_live
TATASTEEL,15m,2026-09-24T11:45:00+05:30,189.22,189.37,189.11,189.24,0.0,yahoo_live
TATASTEEL,15m,2026-09-24T12:00:00+05:30,189.25,189.45,189.01,189.02,0.0,yahoo_live
TATASTEEL,15m,2026-09-24T12:15:00+05:30,189.02,189.21,188.83,189.15,0.0,yahoo_live
TATASTEEL,15m,2026-09-24T12:30:00+05:30,189.16,189.23,188.92,189.03,0.0,yahoo_live
TATASTEEL,15m,2026-09-24T12:45:00+05:30,189.0,189.05,188.85,188.9,0.0,yahoo_live
TATASTEEL,15m,2026-09-24T13:00:00+05:30,188.88,189.7,188.88,189.39,0.0,yahoo_live
TATASTEEL,15m,2026-09-24T13:15:00+05:30,189.39,189.44,188.89,188.97,0.0,yahoo_live
TATASTEEL,15m,2026-09-24T13:30:00+05:30,189.0,189.11,188.64,188.68,0.0,yahoo_live
TATASTEEL,15m,2026-09-24T13:45:00+05:30,188.69,188.69,187.96,188.09,0.0,yahoo_live
TATASTEEL,15m,2026-09-24T14:00:00+05:30,188.02,188.39,188.02,188.23,0.0,yahoo_live
TATASTEEL,15m,2026-09-24T14:15:00+05:30,188.27,188.28,187.93,188.06,0.0,yahoo_live
TATASTEEL,15m,2026-09-24T14:30:00+05:30,188.05,188.33,187.93,188.02,0.0,yahoo_live
TCS,15m,2026-09-24T09:15:00+05:30,2068.7,2093.5,2068.7,2091.6,0.0,yahoo_live
TCS,15m,2026-09-24T09:30:00+05:30,2091.0,2091.0,2081.6,2085.6,0.0,yahoo_live
TCS,15m,2026-09-24T09:45:00+05:30,2085.2,2086.1,2079.9,2080.3,0.0,yahoo_live
TCS,15m,2026-09-24T10:00:00+05:30,2080.0,2081.8,2078.4,2079.0,0.0,yahoo_live
TCS,15m,2026-09-24T10:15:00+05:30,2079.9,2082.6,2077.0,2079.9,0.0,yahoo_live
TCS,15m,2026-09-24T10:30:00+05:30,2080.7,2091.0,2080.6,2089.0,0.0,yahoo_live
TCS,15m,2026-09-24T10:45:00+05:30,2089.0,2090.6,2087.2,2089.4,0.0,yahoo_live
TCS,15m,2026-09-24T11:00:00+05:30,2089.7,2095.0,2088.2,2090.1,0.0,yahoo_live
TCS,15m,2026-09-24T11:15:00+05:30,2090.0,2093.3,2087.0,2091.0,0.0,yahoo_live
TCS,15m,2026-09-24T11:30:00+05:30,2090.4,2092.8,2088.8,2091.5,0.0,yahoo_live
TCS,15m,2026-09-24T11:45:00+05:30,2091.5,2094.7,2090.8,2094.0,0.0,yahoo_live
TCS,15m,2026-09-24T12:00:00+05:30,2094.0,2096.9,2093.1,2093.6,0.0,yahoo_live
TCS,15m,2026-09-24T12:15:00+05:30,2094.0,2096.0,2087.1,2089.9,0.0,yahoo_live
TCS,15m,2026-09-24T12:30:00+05:30,2089.9,2091.0,2088.0,2090.7,0.0,yahoo_live
TCS,15m,2026-09-24T12:45:00+05:30,2090.7,2090.8,2087.0,2087.6,0.0,yahoo_live
TCS,15m,2026-09-24T13:00:00+05:30,2087.7,2090.7,2087.6,2088.4,0.0,yahoo_live
TCS,15m,2026-09-24T13:15:00+05:30,2088.4,2091.5,2084.0,2086.0,0.0,yahoo_live
TCS,15m,2026-09-24T13:30:00+05:30,2086.0,2087.4,2080.0,2080.0,0.0,yahoo_live
TCS,15m,2026-09-24T13:45:00+05:30,2080.5,2081.4,2072.6,2074.8,0.0,yahoo_live
TCS,15m,2026-09-24T14:00:00+05:30,2074.5,2078.4,2073.4,2075.4,0.0,yahoo_live
TCS,15m,2026-09-24T14:15:00+05:30,2076.0,2076.6,2070.1,2071.6,0.0,yahoo_live
TCS,15m,2026-09-24T14:30:00+05:30,2071.7,2076.0,2069.0,2072.0,0.0,yahoo_live
TECHM,15m,2026-09-24T09:15:00+05:30,1544.9,1575.8,1544.9,1573.1,0.0,yahoo_live
TECHM,15m,2026-09-24T09:30:00+05:30,1572.6,1572.6,1562.2,1567.0,0.0,yahoo_live
TECHM,15m,2026-09-24T09:45:00+05:30,1567.8,1569.7,1564.7,1566.8,0.0,yahoo_live
TECHM,15m,2026-09-24T10:00:00+05:30,1566.8,1569.2,1564.0,1564.0,0.0,yahoo_live
TECHM,15m,2026-09-24T10:15:00+05:30,1563.2,1563.7,1558.3,1561.5,0.0,yahoo_live
TECHM,15m,2026-09-24T10:30:00+05:30,1561.5,1565.9,1561.0,1562.7,0.0,yahoo_live
TECHM,15m,2026-09-24T10:45:00+05:30,1563.3,1566.0,1559.9,1565.2,0.0,yahoo_live
TECHM,15m,2026-09-24T11:00:00+05:30,1565.1,1567.7,1563.1,1563.7,0.0,yahoo_live
TECHM,15m,2026-09-24T11:15:00+05:30,1563.3,1564.5,1560.1,1562.0,0.0,yahoo_live
TECHM,15m,2026-09-24T11:30:00+05:30,1562.0,1563.3,1560.2,1561.6,0.0,yahoo_live
TECHM,15m,2026-09-24T11:45:00+05:30,1561.6,1565.3,1559.7,1560.9,0.0,yahoo_live
TECHM,15m,2026-09-24T12:00:00+05:30,1561.6,1562.0,1558.0,1561.5,0.0,yahoo_live
TECHM,15m,2026-09-24T12:15:00+05:30,1561.5,1563.2,1556.2,1558.0,0.0,yahoo_live
TECHM,15m,2026-09-24T12:30:00+05:30,1558.0,1558.7,1552.9,1553.4,0.0,yahoo_live
TECHM,15m,2026-09-24T12:45:00+05:30,1553.0,1555.0,1552.9,1554.6,0.0,yahoo_live
TECHM,15m,2026-09-24T13:00:00+05:30,1554.6,1555.8,1553.3,1553.5,0.0,yahoo_live
TECHM,15m,2026-09-24T13:15:00+05:30,1553.0,1554.6,1550.0,1551.5,0.0,yahoo_live
TECHM,15m,2026-09-24T13:30:00+05:30,1551.5,1552.4,1548.3,1548.8,0.0,yahoo_live
TECHM,15m,2026-09-24T13:45:00+05:30,1548.9,1548.9,1545.1,1545.4,0.0,yahoo_live
TECHM,15m,2026-09-24T14:00:00+05:30,1545.4,1548.7,1545.3,1547.5,0.0,yahoo_live
TECHM,15m,2026-09-24T14:15:00+05:30,1547.5,1548.5,1545.8,1547.9,0.0,yahoo_live
TECHM,15m,2026-09-24T14:30:00+05:30,1547.9,1549.0,1546.4,1546.4,0.0,yahoo_live
TITAN,15m,2026-09-24T09:15:00+05:30,4873.0,4878.5,4860.0,4872.0,0.0,yahoo_live
TITAN,15m,2026-09-24T09:30:00+05:30,4871.0,4892.0,4870.0,4882.0,0.0,yahoo_live
TITAN,15m,2026-09-24T09:45:00+05:30,4883.5,4884.0,4872.5,4880.5,0.0,yahoo_live
TITAN,15m,2026-09-24T10:00:00+05:30,4882.5,4887.5,4876.0,4879.0,0.0,yahoo_live
TITAN,15m,2026-09-24T10:15:00+05:30,4877.5,4882.0,4875.5,4879.5,0.0,yahoo_live
TITAN,15m,2026-09-24T10:30:00+05:30,4879.0,4891.0,4879.0,4888.0,0.0,yahoo_live
TITAN,15m,2026-09-24T10:45:00+05:30,4888.0,4910.0,4886.0,4904.0,0.0,yahoo_live
TITAN,15m,2026-09-24T11:00:00+05:30,4904.0,4907.5,4895.0,4897.0,0.0,yahoo_live
TITAN,15m,2026-09-24T11:15:00+05:30,4895.5,4899.5,4871.5,4877.0,0.0,yahoo_live
TITAN,15m,2026-09-24T11:30:00+05:30,4875.0,4880.0,4869.0,4877.0,0.0,yahoo_live
TITAN,15m,2026-09-24T11:45:00+05:30,4875.0,4877.5,4868.5,4876.5,0.0,yahoo_live
TITAN,15m,2026-09-24T12:00:00+05:30,4876.5,4888.5,4874.0,4883.0,0.0,yahoo_live
TITAN,15m,2026-09-24T12:15:00+05:30,4882.0,4894.5,4882.0,4891.0,0.0,yahoo_live
TITAN,15m,2026-09-24T12:30:00+05:30,4891.0,4892.0,4873.5,4877.5,0.0,yahoo_live
TITAN,15m,2026-09-24T12:45:00+05:30,4877.5,4880.0,4872.0,4874.5,0.0,yahoo_live
TITAN,15m,2026-09-24T13:00:00+05:30,4874.0,4879.0,4872.0,4872.5,0.0,yahoo_live
TITAN,15m,2026-09-24T13:15:00+05:30,4872.0,4872.5,4859.5,4860.0,0.0,yahoo_live
TITAN,15m,2026-09-24T13:30:00+05:30,4859.5,4860.0,4843.5,4843.5,0.0,yahoo_live
TITAN,15m,2026-09-24T13:45:00+05:30,4843.0,4846.0,4837.0,4841.0,0.0,yahoo_live
TITAN,15m,2026-09-24T14:00:00+05:30,4840.5,4847.5,4837.5,4839.0,0.0,yahoo_live
TITAN,15m,2026-09-24T14:15:00+05:30,4838.0,4842.5,4836.5,4840.5,0.0,yahoo_live
TITAN,15m,2026-09-24T14:30:00+05:30,4839.0,4847.0,4837.0,4842.0,0.0,yahoo_live
TRENT,15m,2026-09-24T09:15:00+05:30,2765.0,2765.0,2751.0,2758.3,0.0,yahoo_live
TRENT,15m,2026-09-24T09:30:00+05:30,2759.4,2767.3,2755.7,2756.9,0.0,yahoo_live
TRENT,15m,2026-09-24T09:45:00+05:30,2757.0,2761.4,2753.0,2759.2,0.0,yahoo_live
TRENT,15m,2026-09-24T10:00:00+05:30,2759.3,2763.5,2755.6,2758.5,0.0,yahoo_live
TRENT,15m,2026-09-24T10:15:00+05:30,2758.9,2761.1,2754.0,2756.4,0.0,yahoo_live
TRENT,15m,2026-09-24T10:30:00+05:30,2757.3,2764.3,2755.2,2758.0,0.0,yahoo_live
TRENT,15m,2026-09-24T10:45:00+05:30,2758.0,2762.0,2755.0,2758.4,0.0,yahoo_live
TRENT,15m,2026-09-24T11:00:00+05:30,2759.5,2760.1,2757.0,2757.1,0.0,yahoo_live
TRENT,15m,2026-09-24T11:15:00+05:30,2757.1,2759.4,2755.0,2755.4,0.0,yahoo_live
TRENT,15m,2026-09-24T11:30:00+05:30,2755.0,2760.0,2751.2,2752.5,0.0,yahoo_live
TRENT,15m,2026-09-24T11:45:00+05:30,2751.7,2752.4,2737.0,2747.0,0.0,yahoo_live
TRENT,15m,2026-09-24T12:00:00+05:30,2747.0,2752.1,2746.3,2748.8,0.0,yahoo_live
TRENT,15m,2026-09-24T12:15:00+05:30,2748.8,2752.0,2747.3,2750.0,0.0,yahoo_live
TRENT,15m,2026-09-24T12:30:00+05:30,2750.0,2750.8,2741.8,2743.7,0.0,yahoo_live
TRENT,15m,2026-09-24T12:45:00+05:30,2743.7,2743.9,2740.0,2742.9,0.0,yahoo_live
TRENT,15m,2026-09-24T13:00:00+05:30,2742.9,2745.3,2741.1,2744.3,0.0,yahoo_live
TRENT,15m,2026-09-24T13:15:00+05:30,2744.3,2744.6,2734.2,2734.2,0.0,yahoo_live
TRENT,15m,2026-09-24T13:30:00+05:30,2735.0,2738.0,2731.0,2731.6,0.0,yahoo_live
TRENT,15m,2026-09-24T13:45:00+05:30,2731.0,2732.5,2725.0,2725.5,0.0,yahoo_live
TRENT,15m,2026-09-24T14:00:00+05:30,2725.1,2730.0,2724.5,2727.1,0.0,yahoo_live
TRENT,15m,2026-09-24T14:15:00+05:30,2727.1,2727.8,2717.0,2718.0,0.0,yahoo_live
TRENT,15m,2026-09-24T14:30:00+05:30,2717.4,2720.9,2713.8,2714.0,0.0,yahoo_live
ULTRACEMCO,15m,2026-09-24T09:15:00+05:30,11097.0,11155.0,11064.0,11155.0,0.0,yahoo_live
ULTRACEMCO,15m,2026-09-24T09:30:00+05:30,11155.0,11170.0,11122.0,11127.0,0.0,yahoo_live
ULTRACEMCO,15m,2026-09-24T09:45:00+05:30,11131.0,11138.0,11108.0,11122.0,0.0,yahoo_live
ULTRACEMCO,15m,2026-09-24T10:00:00+05:30,11115.0,11151.0,11115.0,11129.0,0.0,yahoo_live
ULTRACEMCO,15m,2026-09-24T10:15:00+05:30,11127.0,11155.0,11127.0,11149.0,0.0,yahoo_live
ULTRACEMCO,15m,2026-09-24T10:30:00+05:30,11152.0,11190.0,11145.0,11172.0,0.0,yahoo_live
ULTRACEMCO,15m,2026-09-24T10:45:00+05:30,11166.0,11189.0,11165.0,11175.0,0.0,yahoo_live
ULTRACEMCO,15m,2026-09-24T11:00:00+05:30,11181.0,11181.0,11162.0,11169.0,0.0,yahoo_live
ULTRACEMCO,15m,2026-09-24T11:15:00+05:30,11169.0,11180.0,11160.0,11180.0,0.0,yahoo_live
ULTRACEMCO,15m,2026-09-24T11:30:00+05:30,11176.0,11190.0,11161.0,11185.0,0.0,yahoo_live
ULTRACEMCO,15m,2026-09-24T11:45:00+05:30,11185.0,11192.0,11140.0,11148.0,0.0,yahoo_live
ULTRACEMCO,15m,2026-09-24T12:00:00+05:30,11149.0,11171.0,11140.0,11145.0,0.0,yahoo_live
ULTRACEMCO,15m,2026-09-24T12:15:00+05:30,11145.0,11165.0,11143.0,11157.0,0.0,yahoo_live
ULTRACEMCO,15m,2026-09-24T12:30:00+05:30,11158.0,11166.0,11141.0,11144.0,0.0,yahoo_live
ULTRACEMCO,15m,2026-09-24T12:45:00+05:30,11143.0,11157.0,11132.0,11141.0,0.0,yahoo_live
ULTRACEMCO,15m,2026-09-24T13:00:00+05:30,11140.0,11161.0,11133.0,11141.0,0.0,yahoo_live
ULTRACEMCO,15m,2026-09-24T13:15:00+05:30,11140.0,11154.0,11114.0,11125.0,0.0,yahoo_live
ULTRACEMCO,15m,2026-09-24T13:30:00+05:30,11125.0,11138.0,11108.0,11109.0,0.0,yahoo_live
ULTRACEMCO,15m,2026-09-24T13:45:00+05:30,11107.0,11119.0,11084.0,11090.0,0.0,yahoo_live
ULTRACEMCO,15m,2026-09-24T14:00:00+05:30,11091.0,11123.0,11089.0,11102.0,0.0,yahoo_live
ULTRACEMCO,15m,2026-09-24T14:15:00+05:30,11106.0,11111.0,11083.0,11097.0,0.0,yahoo_live
ULTRACEMCO,15m,2026-09-24T14:30:00+05:30,11100.0,11130.0,11094.0,11117.0,0.0,yahoo_live
WIPRO,15m,2026-09-24T09:15:00+05:30,164.22000122070312,164.8800048828125,163.9499969482422,164.8000030517578,496390.0,yahoo
WIPRO,15m,2026-09-24T09:30:00+05:30,164.74000549316406,164.82000732421875,164.14999389648438,164.2899932861328,295227.0,yahoo
WIPRO,15m,2026-09-24T09:45:00+05:30,164.2899932861328,164.36000061035156,163.9600067138672,163.97999572753906,241097.0,yahoo
WIPRO,15m,2026-09-24T10:00:00+05:30,163.9499969482422,164.1999969482422,163.89999389648438,164.14999389648438,187956.0,yahoo
WIPRO,15m,2026-09-24T10:15:00+05:30,164.13999938964844,164.64999389648438,164.0500030517578,164.64999389648438,284262.0,yahoo
WIPRO,15m,2026-09-24T10:30:00+05:30,164.6199951171875,164.9499969482422,164.6199951171875,164.83999633789062,291139.0,yahoo
WIPRO,15m,2026-09-24T10:45:00+05:30,164.83999633789062,165.0399932861328,164.69000244140625,165.0399932861328,226919.0,yahoo
WIPRO,15m,2026-09-24T11:00:00+05:30,165.08999633789062,165.60000610351562,164.8800048828125,165.0800018310547,496531.0,yahoo
WIPRO,15m,2026-09-24T11:15:00+05:30,165.08999633789062,165.19000244140625,164.6300048828125,164.75,180645.0,yahoo
WIPRO,15m,2026-09-24T11:30:00+05:30,164.75,164.83999633789062,164.58999633789062,164.80999755859375,434685.0,yahoo
WIPRO,15m,2026-09-24T11:45:00+05:30,164.80999755859375,165.24000549316406,164.75999450683594,165.1999969482422,338041.0,yahoo
WIPRO,15m,2026-09-24T12:00:00+05:30,165.17999267578125,165.25,165.11000061035156,165.25,4805.0,yahoo
