event_id,arrival_time,arrival_time_display,symbol,name,interval,category,index_membership,index_tags,signal,direction,pattern,signal_candle_time,signal_candle_time_ist,signal_candle_closed_at,signal_candle_closed_at_display,signal_open,signal_high,signal_low,signal_close,c1_type,c1_time,c1_closed_at,c1_open,c1_high,c1_low,c1_close,c2_type,c2_time,c2_closed_at,c2_open,c2_high,c2_low,c2_close,c3_type,c3_time,c3_closed_at,c3_open,c3_high,c3_low,c3_close,c4_type,c4_time,c4_closed_at,c4_open,c4_high,c4_low,c4_close,c5_type,c5_time,c5_closed_at,c5_open,c5_high,c5_low,c5_close,c6_type,c6_time,c6_closed_at,c6_open,c6_high,c6_low,c6_close,c7_type,c7_time,c7_closed_at,c7_open,c7_high,c7_low,c7_close
NIFTY50-5m-2026-09-24T11:00:00+05:30-GREEN_TO_RED,2026-09-24T11:09:20.268053+05:30,24-09-2026 11:09:20 AM,NIFTY50,NIFTY 50,5m,index,INDEX,NIFTY 50; NIFTY 100; NIFTY 200,3 GREEN → RED,GREEN_TO_RED,G G G R,2026-09-24T11:00:00+05:30,24-09-2026 11:00:00 AM,2026-09-24T11:05:00+05:30,24-09-2026 11:05:00 AM,23241.05,23241.8,23229.3,23233.1,GREEN,24-09-2026 10:30:00 AM,24-09-2026 10:35:00 AM,23210.65,23230.65,23209.85,23228.15,GREEN,24-09-2026 10:35:00 AM,24-09-2026 10:40:00 AM,23228.75,23236.0,23218.3,23230.35,RED,24-09-2026 10:40:00 AM,24-09-2026 10:45:00 AM,23230.3,23230.5,23211.0,23218.5,GREEN,24-09-2026 10:45:00 AM,24-09-2026 10:50:00 AM,23218.65,23229.25,23215.8,23228.55,GREEN,24-09-2026 10:50:00 AM,24-09-2026 10:55:00 AM,23229.65,23239.3,23226.5,23237.05,GREEN,24-09-2026 10:55:00 AM,24-09-2026 11:00:00 AM,23237.55,23242.75,23233.9,23240.2,RED,24-09-2026 11:00:00 AM,24-09-2026 11:05:00 AM,23241.05,23241.8,23229.3,23233.1
BANKNIFTY-5m-2026-09-24T11:00:00+05:30-GREEN_TO_RED,2026-09-24T11:09:20.288689+05:30,24-09-2026 11:09:20 AM,BANKNIFTY,BANK NIFTY,5m,index,INDEX,NIFTY BANK,3 GREEN → RED,GREEN_TO_RED,G G G R,2026-09-24T11:00:00+05:30,24-09-2026 11:00:00 AM,2026-09-24T11:05:00+05:30,24-09-2026 11:05:00 AM,55623.75,55632.35,55606.85,55622.4,GREEN,24-09-2026 10:30:00 AM,24-09-2026 10:35:00 AM,55551.15,55598.4,55543.4,55583.9,GREEN,24-09-2026 10:35:00 AM,24-09-2026 10:40:00 AM,55581.7,55613.05,55563.8,55594.55,RED,24-09-2026 10:40:00 AM,24-09-2026 10:45:00 AM,55590.55,55596.15,55547.7,55565.85,GREEN,24-09-2026 10:45:00 AM,24-09-2026 10:50:00 AM,55566.1,55592.15,55563.9,55581.2,GREEN,24-09-2026 10:50:00 AM,24-09-2026 10:55:00 AM,55584.25,55624.5,55571.95,55611.55,GREEN,24-09-2026 10:55:00 AM,24-09-2026 11:00:00 AM,55614.8,55629.35,55597.55,55621.6,RED,24-09-2026 11:00:00 AM,24-09-2026 11:05:00 AM,55623.75,55632.35,55606.85,55622.4
360ONE-5m-2026-09-24T11:00:00+05:30-RED_TO_GREEN,2026-09-24T11:09:20.307206+05:30,24-09-2026 11:09:20 AM,360ONE,360ONE,5m,stock,OTHER,,3 RED → GREEN,RED_TO_GREEN,R R R G,2026-09-24T11:00:00+05:30,24-09-2026 11:00:00 AM,2026-09-24T11:05:00+05:30,24-09-2026 11:05:00 AM,1091.3,1092.4,1090.5,1091.6,GREEN,24-09-2026 10:30:00 AM,24-09-2026 10:35:00 AM,1091.1,1093.9,1091.1,1093.5,RED,24-09-2026 10:35:00 AM,24-09-2026 10:40:00 AM,1093.8,1094.3,1093.0,1093.7,GREEN,24-09-2026 10:40:00 AM,24-09-2026 10:45:00 AM,1093.7,1094.5,1092.9,1094.5,RED,24-09-2026 10:45:00 AM,24-09-2026 10:50:00 AM,1094.5,1095.4,1091.6,1091.6,RED,24-09-2026 10:50:00 AM,24-09-2026 10:55:00 AM,1092.2,1093.0,1090.8,1091.6,RED,24-09-2026 10:55:00 AM,24-09-2026 11:00:00 AM,1091.6,1092.8,1090.9,1091.3,GREEN,24-09-2026 11:00:00 AM,24-09-2026 11:05:00 AM,1091.3,1092.4,1090.5,1091.6
ETERNAL-5m-2026-09-24T11:00:00+05:30-GREEN_TO_RED,2026-09-24T11:09:20.331734+05:30,24-09-2026 11:09:20 AM,ETERNAL,ETERNAL,5m,stock,N50 & N100,NIFTY 50; NIFTY 100; NIFTY 200,3 GREEN → RED,GREEN_TO_RED,G G G R,2026-09-24T11:00:00+05:30,24-09-2026 11:00:00 AM,2026-09-24T11:05:00+05:30,24-09-2026 11:05:00 AM,341.6,341.65,341.35,341.45,RED,24-09-2026 10:30:00 AM,24-09-2026 10:35:00 AM,341.6,341.6,341.3,341.4,RED,24-09-2026 10:35:00 AM,24-09-2026 10:40:00 AM,341.5,341.6,341.3,341.45,RED,24-09-2026 10:40:00 AM,24-09-2026 10:45:00 AM,341.45,341.65,340.9,341.15,GREEN,24-09-2026 10:45:00 AM,24-09-2026 10:50:00 AM,341.15,341.4,341.1,341.3,GREEN,24-09-2026 10:50:00 AM,24-09-2026 10:55:00 AM,341.3,341.6,341.25,341.5,GREEN,24-09-2026 10:55:00 AM,24-09-2026 11:00:00 AM,341.45,341.8,341.45,341.6,RED,24-09-2026 11:00:00 AM,24-09-2026 11:05:00 AM,341.6,341.65,341.35,341.45
HCLTECH-5m-2026-09-24T11:00:00+05:30-GREEN_TO_RED,2026-09-24T11:09:20.358394+05:30,24-09-2026 11:09:20 AM,HCLTECH,HCLTECH,5m,stock,N50 & N100,NIFTY 50; NIFTY 100; NIFTY 200,3 GREEN → RED,GREEN_TO_RED,G G G R,2026-09-24T11:00:00+05:30,24-09-2026 11:00:00 AM,2026-09-24T11:05:00+05:30,24-09-2026 11:05:00 AM,1256.9,1256.9,1255.4,1255.4,GREEN,24-09-2026 10:30:00 AM,24-09-2026 10:35:00 AM,1256.1,1257.8,1255.5,1257.4,RED,24-09-2026 10:35:00 AM,24-09-2026 10:40:00 AM,1257.4,1258.1,1256.0,1256.2,RED,24-09-2026 10:40:00 AM,24-09-2026 10:45:00 AM,1256.2,1256.4,1253.8,1254.9,GREEN,24-09-2026 10:45:00 AM,24-09-2026 10:50:00 AM,1254.7,1255.9,1253.6,1255.3,GREEN,24-09-2026 10:50:00 AM,24-09-2026 10:55:00 AM,1255.3,1257.1,1255.0,1255.9,GREEN,24-09-2026 10:55:00 AM,24-09-2026 11:00:00 AM,1256.3,1256.9,1255.5,1256.8,RED,24-09-2026 11:00:00 AM,24-09-2026 11:05:00 AM,1256.9,1256.9,1255.4,1255.4
HDFCLIFE-5m-2026-09-24T11:00:00+05:30-GREEN_TO_RED,2026-09-24T11:09:20.387342+05:30,24-09-2026 11:09:20 AM,HDFCLIFE,HDFCLIFE,5m,stock,N50 & N100,NIFTY 50; NIFTY 100; NIFTY 200,3 GREEN → RED,GREEN_TO_RED,G G G R,2026-09-24T11:00:00+05:30,24-09-2026 11:00:00 AM,2026-09-24T11:05:00+05:30,24-09-2026 11:05:00 AM,532.5,532.95,531.9,532.0,RED,24-09-2026 10:30:00 AM,24-09-2026 10:35:00 AM,526.3,526.65,525.0,525.15,GREEN,24-09-2026 10:35:00 AM,24-09-2026 10:40:00 AM,525.05,526.05,525.05,525.9,GREEN,24-09-2026 10:40:00 AM,24-09-2026 10:45:00 AM,525.75,526.75,525.3,526.7,GREEN,24-09-2026 10:45:00 AM,24-09-2026 10:50:00 AM,526.7,530.6,526.5,530.2,GREEN,24-09-2026 10:50:00 AM,24-09-2026 10:55:00 AM,530.25,532.6,530.0,532.2,GREEN,24-09-2026 10:55:00 AM,24-09-2026 11:00:00 AM,532.2,532.8,531.2,532.5,RED,24-09-2026 11:00:00 AM,24-09-2026 11:05:00 AM,532.5,532.95,531.9,532.0
HINDUNILVR-5m-2026-09-24T11:00:00+05:30-GREEN_TO_RED,2026-09-24T11:09:20.411407+05:30,24-09-2026 11:09:20 AM,HINDUNILVR,HINDUNILVR,5m,stock,N50 & N100,NIFTY 50; NIFTY 100; NIFTY 200,3 GREEN → RED,GREEN_TO_RED,G G G R,2026-09-24T11:00:00+05:30,24-09-2026 11:00:00 AM,2026-09-24T11:05:00+05:30,24-09-2026 11:05:00 AM,1933.7,1934.1,1932.0,1933.5,GREEN,24-09-2026 10:30:00 AM,24-09-2026 10:35:00 AM,1929.1,1931.4,1929.1,1931.1,RED,24-09-2026 10:35:00 AM,24-09-2026 10:40:00 AM,1931.7,1931.7,1929.2,1931.6,RED,24-09-2026 10:40:00 AM,24-09-2026 10:45:00 AM,1931.7,1931.7,1929.1,1930.0,GREEN,24-09-2026 10:45:00 AM,24-09-2026 10:50:00 AM,1929.4,1930.0,1928.9,1929.5,GREEN,24-09-2026 10:50:00 AM,24-09-2026 10:55:00 AM,1929.5,1931.4,1928.5,1931.4,GREEN,24-09-2026 10:55:00 AM,24-09-2026 11:00:00 AM,1931.2,1934.4,1931.0,1934.1,RED,24-09-2026 11:00:00 AM,24-09-2026 11:05:00 AM,1933.7,1934.1,1932.0,1933.5
LUPIN-5m-2026-09-24T11:00:00+05:30-GREEN_TO_RED,2026-09-24T11:09:20.431612+05:30,24-09-2026 11:09:20 AM,LUPIN,LUPIN,5m,stock,OTHER,,3 GREEN → RED,GREEN_TO_RED,G G G R,2026-09-24T11:00:00+05:30,24-09-2026 11:00:00 AM,2026-09-24T11:05:00+05:30,24-09-2026 11:05:00 AM,2107.6,2108.9,2106.5,2106.9,GREEN,24-09-2026 10:30:00 AM,24-09-2026 10:35:00 AM,2103.8,2105.9,2103.0,2104.9,RED,24-09-2026 10:35:00 AM,24-09-2026 10:40:00 AM,2105.7,2108.7,2104.3,2104.3,GREEN,24-09-2026 10:40:00 AM,24-09-2026 10:45:00 AM,2104.6,2106.2,2104.1,2105.3,GREEN,24-09-2026 10:45:00 AM,24-09-2026 10:50:00 AM,2105.8,2108.8,2105.6,2106.3,GREEN,24-09-2026 10:50:00 AM,24-09-2026 10:55:00 AM,2106.3,2108.0,2105.9,2106.4,GREEN,24-09-2026 10:55:00 AM,24-09-2026 11:00:00 AM,2106.4,2108.7,2106.2,2106.7,RED,24-09-2026 11:00:00 AM,24-09-2026 11:05:00 AM,2107.6,2108.9,2106.5,2106.9
MCX-5m-2026-09-24T11:00:00+05:30-RED_TO_GREEN,2026-09-24T11:09:20.458013+05:30,24-09-2026 11:09:20 AM,MCX,MCX,5m,stock,OTHER,,3 RED → GREEN,RED_TO_GREEN,R R R G,2026-09-24T11:00:00+05:30,24-09-2026 11:00:00 AM,2026-09-24T11:05:00+05:30,24-09-2026 11:05:00 AM,3422.4,3432.6,3419.4,3432.6,GREEN,24-09-2026 10:30:00 AM,24-09-2026 10:35:00 AM,3424.7,3438.6,3418.9,3435.2,RED,24-09-2026 10:35:00 AM,24-09-2026 10:40:00 AM,3436.3,3436.6,3424.7,3430.4,GREEN,24-09-2026 10:40:00 AM,24-09-2026 10:45:00 AM,3428.9,3439.0,3428.9,3438.0,RED,24-09-2026 10:45:00 AM,24-09-2026 10:50:00 AM,3438.5,3440.0,3432.0,3438.4,RED,24-09-2026 10:50:00 AM,24-09-2026 10:55:00 AM,3439.3,3440.8,3431.0,3431.3,RED,24-09-2026 10:55:00 AM,24-09-2026 11:00:00 AM,3431.3,3433.0,3421.5,3422.4,GREEN,24-09-2026 11:00:00 AM,24-09-2026 11:05:00 AM,3422.4,3432.6,3419.4,3432.6
NTPC-5m-2026-09-24T11:00:00+05:30-GREEN_TO_RED,2026-09-24T11:09:20.480652+05:30,24-09-2026 11:09:20 AM,NTPC,NTPC,5m,stock,N50 & N100,NIFTY 50; NIFTY 100; NIFTY 200,3 GREEN → RED,GREEN_TO_RED,G G G R,2026-09-24T11:00:00+05:30,24-09-2026 11:00:00 AM,2026-09-24T11:05:00+05:30,24-09-2026 11:05:00 AM,327.2,327.2,326.85,326.85,GREEN,24-09-2026 10:30:00 AM,24-09-2026 10:35:00 AM,325.35,326.25,325.35,326.1,GREEN,24-09-2026 10:35:00 AM,24-09-2026 10:40:00 AM,326.05,326.35,326.0,326.35,RED,24-09-2026 10:40:00 AM,24-09-2026 10:45:00 AM,326.35,326.4,326.1,326.1,GREEN,24-09-2026 10:45:00 AM,24-09-2026 10:50:00 AM,326.1,327.0,326.1,326.8,GREEN,24-09-2026 10:50:00 AM,24-09-2026 10:55:00 AM,326.8,327.15,326.25,327.05,GREEN,24-09-2026 10:55:00 AM,24-09-2026 11:00:00 AM,327.0,327.2,327.0,327.15,RED,24-09-2026 11:00:00 AM,24-09-2026 11:05:00 AM,327.2,327.2,326.85,326.85
SAIL-5m-2026-09-24T11:00:00+05:30-RED_TO_GREEN,2026-09-24T11:09:20.497376+05:30,24-09-2026 11:09:20 AM,SAIL,SAIL,5m,stock,OTHER,,3 RED → GREEN,RED_TO_GREEN,R R R G,2026-09-24T11:00:00+05:30,24-09-2026 11:00:00 AM,2026-09-24T11:05:00+05:30,24-09-2026 11:05:00 AM,187.52,187.9,187.52,187.8,GREEN,24-09-2026 10:30:00 AM,24-09-2026 10:35:00 AM,187.95,188.52,187.85,188.49,GREEN,24-09-2026 10:35:00 AM,24-09-2026 10:40:00 AM,188.5,189.52,188.4,189.08,RED,24-09-2026 10:40:00 AM,24-09-2026 10:45:00 AM,189.09,189.89,188.85,189.0,RED,24-09-2026 10:45:00 AM,24-09-2026 10:50:00 AM,188.99,189.16,188.03,188.62,RED,24-09-2026 10:50:00 AM,24-09-2026 10:55:00 AM,188.4,188.74,188.15,188.23,RED,24-09-2026 10:55:00 AM,24-09-2026 11:00:00 AM,188.2,188.2,187.52,187.53,GREEN,24-09-2026 11:00:00 AM,24-09-2026 11:05:00 AM,187.52,187.9,187.52,187.8
SBIN-5m-2026-09-24T11:00:00+05:30-GREEN_TO_RED,2026-09-24T11:09:20.519427+05:30,24-09-2026 11:09:20 AM,SBIN,SBIN,5m,stock,N50 & N100,NIFTY 50; NIFTY 100; NIFTY 200,3 GREEN → RED,GREEN_TO_RED,G G G R,2026-09-24T11:00:00+05:30,24-09-2026 11:00:00 AM,2026-09-24T11:05:00+05:30,24-09-2026 11:05:00 AM,988.5,988.5,987.5,988.0,GREEN,24-09-2026 10:30:00 AM,24-09-2026 10:35:00 AM,985.4,985.8,985.4,985.7,GREEN,24-09-2026 10:35:00 AM,24-09-2026 10:40:00 AM,985.8,986.8,985.6,986.8,RED,24-09-2026 10:40:00 AM,24-09-2026 10:45:00 AM,986.8,986.9,986.0,986.3,GREEN,24-09-2026 10:45:00 AM,24-09-2026 10:50:00 AM,986.0,987.5,986.0,987.4,GREEN,24-09-2026 10:50:00 AM,24-09-2026 10:55:00 AM,987.1,987.8,986.9,987.8,GREEN,24-09-2026 10:55:00 AM,24-09-2026 11:00:00 AM,987.5,988.0,987.2,988.0,RED,24-09-2026 11:00:00 AM,24-09-2026 11:05:00 AM,988.5,988.5,987.5,988.0
ATHERENERG-5m-2026-09-24T11:05:00+05:30-GREEN_TO_RED,2026-09-24T11:10:03.223706+05:30,24-09-2026 11:10:03 AM,ATHERENERG,ATHERENERG,5m,stock,OTHER,,3 GREEN → RED,GREEN_TO_RED,G G G R,2026-09-24T11:05:00+05:30,24-09-2026 11:05:00 AM,2026-09-24T11:10:00+05:30,24-09-2026 11:10:00 AM,1518.8,1518.9,1515.6,1515.8,GREEN,24-09-2026 10:35:00 AM,24-09-2026 10:40:00 AM,1502.3,1505.0,1502.3,1504.2,GREEN,24-09-2026 10:40:00 AM,24-09-2026 10:45:00 AM,1504.2,1509.2,1503.4,1508.5,RED,24-09-2026 10:45:00 AM,24-09-2026 10:50:00 AM,1508.0,1508.5,1505.0,1505.2,GREEN,24-09-2026 10:50:00 AM,24-09-2026 10:55:00 AM,1505.5,1516.6,1505.5,1515.5,GREEN,24-09-2026 10:55:00 AM,24-09-2026 11:00:00 AM,1516.0,1519.0,1514.2,1517.8,GREEN,24-09-2026 11:00:00 AM,24-09-2026 11:05:00 AM,1517.8,1519.1,1515.6,1518.4,RED,24-09-2026 11:05:00 AM,24-09-2026 11:10:00 AM,1518.8,1518.9,1515.6,1515.8
APOLLOHOSP-5m-2026-09-24T11:05:00+05:30-RED_TO_GREEN,2026-09-24T11:10:03.269135+05:30,24-09-2026 11:10:03 AM,APOLLOHOSP,APOLLOHOSP,5m,stock,N50 & N100,NIFTY 50; NIFTY 100; NIFTY 200,3 RED → GREEN,RED_TO_GREEN,R R R G,2026-09-24T11:05:00+05:30,24-09-2026 11:05:00 AM,2026-09-24T11:10:00+05:30,24-09-2026 11:10:00 AM,8987.0,8993.5,8983.5,8988.5,RED,24-09-2026 10:35:00 AM,24-09-2026 10:40:00 AM,9005.0,9012.5,9000.0,9000.0,RED,24-09-2026 10:40:00 AM,24-09-2026 10:45:00 AM,9000.5,9001.0,8997.5,9000.0,RED,24-09-2026 10:45:00 AM,24-09-2026 10:50:00 AM,9000.0,9000.0,8991.0,8994.5,RED,24-09-2026 10:50:00 AM,24-09-2026 10:55:00 AM,8997.0,9001.5,8992.0,8992.0,RED,24-09-2026 10:55:00 AM,24-09-2026 11:00:00 AM,8992.0,8999.0,8984.5,8989.5,RED,24-09-2026 11:00:00 AM,24-09-2026 11:05:00 AM,8987.0,8992.0,8985.0,8986.5,GREEN,24-09-2026 11:05:00 AM,24-09-2026 11:10:00 AM,8987.0,8993.5,8983.5,8988.5
BHARTIARTL-5m-2026-09-24T11:05:00+05:30-GREEN_TO_RED,2026-09-24T11:10:03.310087+05:30,24-09-2026 11:10:03 AM,BHARTIARTL,BHARTIARTL,5m,stock,N50 & N100,NIFTY 50; NIFTY 100; NIFTY 200,3 GREEN → RED,GREEN_TO_RED,G G G R,2026-09-24T11:05:00+05:30,24-09-2026 11:05:00 AM,2026-09-24T11:10:00+05:30,24-09-2026 11:10:00 AM,1820.7,1820.7,1818.9,1819.6,GREEN,24-09-2026 10:35:00 AM,24-09-2026 10:40:00 AM,1817.0,1818.5,1817.0,1818.0,RED,24-09-2026 10:40:00 AM,24-09-2026 10:45:00 AM,1818.3,1818.3,1816.0,1816.6,GREEN,24-09-2026 10:45:00 AM,24-09-2026 10:50:00 AM,1816.4,1818.8,1816.3,1817.3,GREEN,24-09-2026 10:50:00 AM,24-09-2026 10:55:00 AM,1817.6,1819.7,1817.4,1818.2,GREEN,24-09-2026 10:55:00 AM,24-09-2026 11:00:00 AM,1818.1,1819.5,1818.0,1818.5,GREEN,24-09-2026 11:00:00 AM,24-09-2026 11:05:00 AM,1818.5,1819.6,1818.4,1819.6,RED,24-09-2026 11:05:00 AM,24-09-2026 11:10:00 AM,1820.7,1820.7,1818.9,1819.6
INDUSINDBK-5m-2026-09-24T11:05:00+05:30-RED_TO_GREEN,2026-09-24T11:10:03.345362+05:30,24-09-2026 11:10:03 AM,INDUSINDBK,INDUSINDBK,5m,stock,N50 & N100,NIFTY 50; NIFTY 100; NIFTY 200,3 RED → GREEN,RED_TO_GREEN,R R R G,2026-09-24T11:05:00+05:30,24-09-2026 11:05:00 AM,2026-09-24T11:10:00+05:30,24-09-2026 11:10:00 AM,921.1,921.6,920.7,921.3,GREEN,24-09-2026 10:35:00 AM,24-09-2026 10:40:00 AM,922.0,925.6,921.8,925.3,GREEN,24-09-2026 10:40:00 AM,24-09-2026 10:45:00 AM,925.3,926.5,924.4,926.2,RED,24-09-2026 10:45:00 AM,24-09-2026 10:50:00 AM,926.7,928.9,923.6,923.6,RED,24-09-2026 10:50:00 AM,24-09-2026 10:55:00 AM,923.6,924.0,922.0,923.0,RED,24-09-2026 10:55:00 AM,24-09-2026 11:00:00 AM,922.9,923.5,922.2,922.2,RED,24-09-2026 11:00:00 AM,24-09-2026 11:05:00 AM,922.2,922.6,920.8,921.1,GREEN,24-09-2026 11:05:00 AM,24-09-2026 11:10:00 AM,921.1,921.6,920.7,921.3
MOTILALOFS-5m-2026-09-24T11:05:00+05:30-GREEN_TO_RED,2026-09-24T11:10:03.372994+05:30,24-09-2026 11:10:03 AM,MOTILALOFS,MOTILALOFS,5m,stock,OTHER,,3 GREEN → RED,GREEN_TO_RED,G G G R,2026-09-24T11:05:00+05:30,24-09-2026 11:05:00 AM,2026-09-24T11:10:00+05:30,24-09-2026 11:10:00 AM,1043.8,1044.7,1041.8,1043.4,RED,24-09-2026 10:35:00 AM,24-09-2026 10:40:00 AM,1034.9,1034.9,1033.7,1034.0,RED,24-09-2026 10:40:00 AM,24-09-2026 10:45:00 AM,1034.4,1034.4,1033.1,1033.8,GREEN,24-09-2026 10:45:00 AM,24-09-2026 10:50:00 AM,1033.8,1036.0,1033.2,1036.0,GREEN,24-09-2026 10:50:00 AM,24-09-2026 10:55:00 AM,1035.6,1036.8,1035.0,1036.4,GREEN,24-09-2026 10:55:00 AM,24-09-2026 11:00:00 AM,1036.2,1037.9,1035.0,1037.2,GREEN,24-09-2026 11:00:00 AM,24-09-2026 11:05:00 AM,1037.2,1044.5,1036.1,1044.5,RED,24-09-2026 11:05:00 AM,24-09-2026 11:10:00 AM,1043.8,1044.7,1041.8,1043.4
CIPLA-5m-2026-09-24T11:05:00+05:30-RED_TO_GREEN,2026-09-24T11:10:20.052172+05:30,24-09-2026 11:10:20 AM,CIPLA,CIPLA,5m,stock,N50 & N100,NIFTY 50; NIFTY 100; NIFTY 200,3 RED → GREEN,RED_TO_GREEN,R R R G,2026-09-24T11:05:00+05:30,24-09-2026 11:05:00 AM,2026-09-24T11:10:00+05:30,24-09-2026 11:10:00 AM,1389.5,1392.3,1389.3,1389.8,GREEN,24-09-2026 10:35:00 AM,24-09-2026 10:40:00 AM,1389.7,1392.0,1389.6,1391.0,GREEN,24-09-2026 10:40:00 AM,24-09-2026 10:45:00 AM,1391.0,1392.8,1390.5,1392.1,GREEN,24-09-2026 10:45:00 AM,24-09-2026 10:50:00 AM,1392.4,1395.0,1391.3,1393.2,RED,24-09-2026 10:50:00 AM,24-09-2026 10:55:00 AM,1393.2,1394.8,1392.3,1392.4,RED,24-09-2026 10:55:00 AM,24-09-2026 11:00:00 AM,1392.9,1394.5,1390.4,1390.8,RED,24-09-2026 11:00:00 AM,24-09-2026 11:05:00 AM,1390.0,1391.0,1388.2,1389.5,GREEN,24-09-2026 11:05:00 AM,24-09-2026 11:10:00 AM,1389.5,1392.3,1389.3,1389.8
HINDZINC-5m-2026-09-24T11:10:00+05:30-GREEN_TO_RED,2026-09-24T11:15:21.856859+05:30,24-09-2026 11:15:21 AM,HINDZINC,HINDZINC,5m,stock,N100,NIFTY 100; NIFTY 200,3 GREEN → RED,GREEN_TO_RED,G G G R,2026-09-24T11:10:00+05:30,24-09-2026 11:10:00 AM,2026-09-24T11:15:00+05:30,24-09-2026 11:15:00 AM,593.9,594.0,593.35,593.4,RED,24-09-2026 10:40:00 AM,24-09-2026 10:45:00 AM,592.8,592.9,592.35,592.45,GREEN,24-09-2026 10:45:00 AM,24-09-2026 10:50:00 AM,592.4,592.85,592.2,592.55,RED,24-09-2026 10:50:00 AM,24-09-2026 10:55:00 AM,592.45,592.8,592.35,592.35,GREEN,24-09-2026 10:55:00 AM,24-09-2026 11:00:00 AM,592.35,592.9,592.2,592.9,GREEN,24-09-2026 11:00:00 AM,24-09-2026 11:05:00 AM,592.9,593.65,592.75,593.35,GREEN,24-09-2026 11:05:00 AM,24-09-2026 11:10:00 AM,593.25,594.9,593.25,594.1,RED,24-09-2026 11:10:00 AM,24-09-2026 11:15:00 AM,593.9,594.0,593.35,593.4
MAXHEALTH-5m-2026-09-24T11:10:00+05:30-GREEN_TO_RED,2026-09-24T11:15:22.110049+05:30,24-09-2026 11:15:22 AM,MAXHEALTH,MAXHEALTH,5m,stock,OTHER,,3 GREEN → RED,GREEN_TO_RED,G G G R,2026-09-24T11:10:00+05:30,24-09-2026 11:10:00 AM,2026-09-24T11:15:00+05:30,24-09-2026 11:15:00 AM,1048.0,1048.9,1047.5,1047.8,GREEN,24-09-2026 10:40:00 AM,24-09-2026 10:45:00 AM,1048.0,1049.3,1047.5,1048.4,RED,24-09-2026 10:45:00 AM,24-09-2026 10:50:00 AM,1048.6,1048.6,1047.5,1048.3,RED,24-09-2026 10:50:00 AM,24-09-2026 10:55:00 AM,1048.5,1051.0,1047.7,1048.4,GREEN,24-09-2026 10:55:00 AM,24-09-2026 11:00:00 AM,1048.4,1049.3,1048.0,1048.9,GREEN,24-09-2026 11:00:00 AM,24-09-2026 11:05:00 AM,1048.3,1048.9,1048.0,1048.4,GREEN,24-09-2026 11:05:00 AM,24-09-2026 11:10:00 AM,1048.2,1049.3,1048.0,1048.5,RED,24-09-2026 11:10:00 AM,24-09-2026 11:15:00 AM,1048.0,1048.9,1047.5,1047.8
RELIANCE-5m-2026-09-24T11:10:00+05:30-RED_TO_GREEN,2026-09-24T11:15:22.429650+05:30,24-09-2026 11:15:22 AM,RELIANCE,RELIANCE,5m,stock,N50 & N100,NIFTY 50; NIFTY 100; NIFTY 200,3 RED → GREEN,RED_TO_GREEN,R R R G,2026-09-24T11:10:00+05:30,24-09-2026 11:10:00 AM,2026-09-24T11:15:00+05:30,24-09-2026 11:15:00 AM,1233.0,1234.4,1233.0,1233.2,RED,24-09-2026 10:40:00 AM,24-09-2026 10:45:00 AM,1236.9,1236.9,1235.8,1236.3,GREEN,24-09-2026 10:45:00 AM,24-09-2026 10:50:00 AM,1236.6,1237.2,1236.4,1237.1,RED,24-09-2026 10:50:00 AM,24-09-2026 10:55:00 AM,1237.1,1237.2,1236.5,1237.0,RED,24-09-2026 10:55:00 AM,24-09-2026 11:00:00 AM,1237.1,1237.2,1236.2,1236.8,RED,24-09-2026 11:00:00 AM,24-09-2026 11:05:00 AM,1236.7,1236.7,1235.1,1235.1,RED,24-09-2026 11:05:00 AM,24-09-2026 11:10:00 AM,1235.1,1235.3,1233.1,1233.1,GREEN,24-09-2026 11:10:00 AM,24-09-2026 11:15:00 AM,1233.0,1234.4,1233.0,1233.2
ULTRACEMCO-5m-2026-09-24T11:10:00+05:30-RED_TO_GREEN,2026-09-24T11:15:22.624073+05:30,24-09-2026 11:15:22 AM,ULTRACEMCO,ULTRACEMCO,5m,stock,N50 & N100,NIFTY 50; NIFTY 100; NIFTY 200,3 RED → GREEN,RED_TO_GREEN,R R R G,2026-09-24T11:10:00+05:30,24-09-2026 11:10:00 AM,2026-09-24T11:15:00+05:30,24-09-2026 11:15:00 AM,11168.0,11179.0,11168.0,11169.0,RED,24-09-2026 10:40:00 AM,24-09-2026 10:45:00 AM,11182.0,11182.0,11165.0,11172.0,RED,24-09-2026 10:45:00 AM,24-09-2026 10:50:00 AM,11166.0,11178.0,11165.0,11165.0,GREEN,24-09-2026 10:50:00 AM,24-09-2026 10:55:00 AM,11169.0,11181.0,11165.0,11176.0,RED,24-09-2026 10:55:00 AM,24-09-2026 11:00:00 AM,11176.0,11189.0,11175.0,11175.0,RED,24-09-2026 11:00:00 AM,24-09-2026 11:05:00 AM,11181.0,11181.0,11167.0,11170.0,RED,24-09-2026 11:05:00 AM,24-09-2026 11:10:00 AM,11174.0,11174.0,11162.0,11168.0,GREEN,24-09-2026 11:10:00 AM,24-09-2026 11:15:00 AM,11168.0,11179.0,11168.0,11169.0
SENSEX-5m-2026-09-24T11:00:00+05:30-GREEN_TO_RED,2026-09-24T11:16:16.867098+05:30,24-09-2026 11:16:16 AM,SENSEX,SENSEX,5m,index,INDEX,SENSEX,3 GREEN → RED,GREEN_TO_RED,G G G R,2026-09-24T11:00:00+05:30,24-09-2026 11:00:00 AM,2026-09-24T11:05:00+05:30,24-09-2026 11:05:00 AM,74195.16,74203.01,74177.0,74178.58,GREEN,24-09-2026 10:30:00 AM,24-09-2026 10:35:00 AM,74100.17,74161.15,74099.51,74145.91,GREEN,24-09-2026 10:35:00 AM,24-09-2026 10:40:00 AM,74146.06,74173.48,74125.53,74164.91,RED,24-09-2026 10:40:00 AM,24-09-2026 10:45:00 AM,74163.7,74166.29,74097.23,74114.34,GREEN,24-09-2026 10:45:00 AM,24-09-2026 10:50:00 AM,74116.6,74159.96,74115.76,74158.68,GREEN,24-09-2026 10:50:00 AM,24-09-2026 10:55:00 AM,74154.37,74201.35,74154.37,74188.94,GREEN,24-09-2026 10:55:00 AM,24-09-2026 11:00:00 AM,74188.69,74200.44,74178.23,74199.03,RED,24-09-2026 11:00:00 AM,24-09-2026 11:05:00 AM,74195.16,74203.01,74177.0,74178.58
CGPOWER-5m-2026-09-24T11:15:00+05:30-RED_TO_GREEN,2026-09-24T11:20:01.379155+05:30,24-09-2026 11:20:01 AM,CGPOWER,CGPOWER,5m,stock,N100,NIFTY 100; NIFTY 200,3 RED → GREEN,RED_TO_GREEN,R R R G,2026-09-24T11:15:00+05:30,24-09-2026 11:15:00 AM,2026-09-24T11:20:00+05:30,24-09-2026 11:20:00 AM,888.5,890.0,888.5,889.8,GREEN,24-09-2026 10:45:00 AM,24-09-2026 10:50:00 AM,892.75,893.7,892.35,893.0,RED,24-09-2026 10:50:00 AM,24-09-2026 10:55:00 AM,893.0,893.0,892.05,892.55,GREEN,24-09-2026 10:55:00 AM,24-09-2026 11:00:00 AM,892.15,895.3,891.65,895.0,RED,24-09-2026 11:00:00 AM,24-09-2026 11:05:00 AM,895.0,895.3,892.45,892.5,RED,24-09-2026 11:05:00 AM,24-09-2026 11:10:00 AM,892.75,893.05,892.0,892.0,RED,24-09-2026 11:10:00 AM,24-09-2026 11:15:00 AM,892.2,892.25,888.6,888.65,GREEN,24-09-2026 11:15:00 AM,24-09-2026 11:20:00 AM,888.5,890.0,888.5,889.8
DLF-5m-2026-09-24T11:15:00+05:30-RED_TO_GREEN,2026-09-24T11:20:01.415073+05:30,24-09-2026 11:20:01 AM,DLF,DLF,5m,stock,N100,NIFTY 100; NIFTY 200,3 RED → GREEN,RED_TO_GREEN,R R R G,2026-09-24T11:15:00+05:30,24-09-2026 11:15:00 AM,2026-09-24T11:20:00+05:30,24-09-2026 11:20:00 AM,678.2,679.25,677.8,678.45,RED,24-09-2026 10:45:00 AM,24-09-2026 10:50:00 AM,679.95,680.15,679.0,679.05,RED,24-09-2026 10:50:00 AM,24-09-2026 10:55:00 AM,679.4,679.7,678.9,679.25,GREEN,24-09-2026 10:55:00 AM,24-09-2026 11:00:00 AM,679.05,680.0,679.05,679.7,RED,24-09-2026 11:00:00 AM,24-09-2026 11:05:00 AM,679.85,680.2,679.25,679.75,RED,24-09-2026 11:05:00 AM,24-09-2026 11:10:00 AM,679.5,679.8,678.65,678.65,RED,24-09-2026 11:10:00 AM,24-09-2026 11:15:00 AM,678.6,678.85,678.15,678.2,GREEN,24-09-2026 11:15:00 AM,24-09-2026 11:20:00 AM,678.2,679.25,677.8,678.45
EICHERMOT-5m-2026-09-24T11:15:00+05:30-RED_TO_GREEN,2026-09-24T11:20:01.459569+05:30,24-09-2026 11:20:01 AM,EICHERMOT,EICHERMOT,5m,stock,N50 & N100,NIFTY 50; NIFTY 100; NIFTY 200,3 RED → GREEN,RED_TO_GREEN,R R R G,2026-09-24T11:15:00+05:30,24-09-2026 11:15:00 AM,2026-09-24T11:20:00+05:30,24-09-2026 11:20:00 AM,7416.5,7423.0,7415.0,7422.0,GREEN,24-09-2026 10:45:00 AM,24-09-2026 10:50:00 AM,7415.0,7422.0,7415.0,7420.5,GREEN,24-09-2026 10:50:00 AM,24-09-2026 10:55:00 AM,7420.5,7427.0,7419.0,7424.0,RED,24-09-2026 10:55:00 AM,24-09-2026 11:00:00 AM,7422.5,7424.5,7419.5,7421.5,RED,24-09-2026 11:00:00 AM,24-09-2026 11:05:00 AM,7424.0,7426.0,7421.0,7421.5,RED,24-09-2026 11:05:00 AM,24-09-2026 11:10:00 AM,7418.0,7424.5,7416.0,7417.0,RED,24-09-2026 11:10:00 AM,24-09-2026 11:15:00 AM,7417.5,7420.0,7415.0,7416.5,GREEN,24-09-2026 11:15:00 AM,24-09-2026 11:20:00 AM,7416.5,7423.0,7415.0,7422.0
GRASIM-5m-2026-09-24T11:15:00+05:30-RED_TO_GREEN,2026-09-24T11:20:01.485923+05:30,24-09-2026 11:20:01 AM,GRASIM,GRASIM,5m,stock,N50 & N100,NIFTY 50; NIFTY 100; NIFTY 200,3 RED → GREEN,RED_TO_GREEN,R R R G,2026-09-24T11:15:00+05:30,24-09-2026 11:15:00 AM,2026-09-24T11:20:00+05:30,24-09-2026 11:20:00 AM,3186.7,3190.2,3185.9,3189.3,RED,24-09-2026 10:45:00 AM,24-09-2026 10:50:00 AM,3189.6,3192.0,3185.3,3187.3,GREEN,24-09-2026 10:50:00 AM,24-09-2026 10:55:00 AM,3186.1,3202.7,3185.1,3202.0,RED,24-09-2026 10:55:00 AM,24-09-2026 11:00:00 AM,3202.0,3202.0,3193.1,3197.2,RED,24-09-2026 11:00:00 AM,24-09-2026 11:05:00 AM,3196.7,3197.7,3192.6,3195.2,RED,24-09-2026 11:05:00 AM,24-09-2026 11:10:00 AM,3196.1,3196.1,3188.1,3188.6,RED,24-09-2026 11:10:00 AM,24-09-2026 11:15:00 AM,3188.2,3189.3,3183.7,3186.6,GREEN,24-09-2026 11:15:00 AM,24-09-2026 11:20:00 AM,3186.7,3190.2,3185.9,3189.3
ITC-5m-2026-09-24T11:15:00+05:30-RED_TO_GREEN,2026-09-24T11:20:01.508622+05:30,24-09-2026 11:20:01 AM,ITC,ITC,5m,stock,N50 & N100,NIFTY 50; NIFTY 100; NIFTY 200,3 RED → GREEN,RED_TO_GREEN,R R R G,2026-09-24T11:15:00+05:30,24-09-2026 11:15:00 AM,2026-09-24T11:20:00+05:30,24-09-2026 11:20:00 AM,268.15,268.4,268.15,268.3,RED,24-09-2026 10:45:00 AM,24-09-2026 10:50:00 AM,268.45,268.6,268.25,268.3,DOJI,24-09-2026 10:50:00 AM,24-09-2026 10:55:00 AM,268.3,268.5,268.25,268.3,GREEN,24-09-2026 10:55:00 AM,24-09-2026 11:00:00 AM,268.5,268.55,268.25,268.55,RED,24-09-2026 11:00:00 AM,24-09-2026 11:05:00 AM,268.55,268.6,268.3,268.4,RED,24-09-2026 11:05:00 AM,24-09-2026 11:10:00 AM,268.4,268.45,268.15,268.25,RED,24-09-2026 11:10:00 AM,24-09-2026 11:15:00 AM,268.25,268.25,268.1,268.2,GREEN,24-09-2026 11:15:00 AM,24-09-2026 11:20:00 AM,268.15,268.4,268.15,268.3
JIOFIN-5m-2026-09-24T11:15:00+05:30-RED_TO_GREEN,2026-09-24T11:20:01.528279+05:30,24-09-2026 11:20:01 AM,JIOFIN,JIOFIN,5m,stock,N50 & N100,NIFTY 50; NIFTY 100; NIFTY 200,3 RED → GREEN,RED_TO_GREEN,R R R G,2026-09-24T11:15:00+05:30,24-09-2026 11:15:00 AM,2026-09-24T11:20:00+05:30,24-09-2026 11:20:00 AM,229.61,229.96,229.61,229.83,RED,24-09-2026 10:45:00 AM,24-09-2026 10:50:00 AM,230.14,230.2,230.02,230.08,RED,24-09-2026 10:50:00 AM,24-09-2026 10:55:00 AM,230.12,230.28,230.03,230.09,GREEN,24-09-2026 10:55:00 AM,24-09-2026 11:00:00 AM,230.14,230.19,230.04,230.15,RED,24-09-2026 11:00:00 AM,24-09-2026 11:05:00 AM,230.15,230.17,230.01,230.06,RED,24-09-2026 11:05:00 AM,24-09-2026 11:10:00 AM,230.09,230.12,229.84,229.84,RED,24-09-2026 11:10:00 AM,24-09-2026 11:15:00 AM,229.87,230.0,229.61,229.69,GREEN,24-09-2026 11:15:00 AM,24-09-2026 11:20:00 AM,229.61,229.96,229.61,229.83
LT-5m-2026-09-24T11:15:00+05:30-RED_TO_GREEN,2026-09-24T11:20:01.549249+05:30,24-09-2026 11:20:01 AM,LT,LT,5m,stock,N50 & N100,NIFTY 50; NIFTY 100; NIFTY 200,3 RED → GREEN,RED_TO_GREEN,R R R G,2026-09-24T11:15:00+05:30,24-09-2026 11:15:00 AM,2026-09-24T11:20:00+05:30,24-09-2026 11:20:00 AM,3872.2,3878.9,3872.1,3878.9,GREEN,24-09-2026 10:45:00 AM,24-09-2026 10:50:00 AM,3885.4,3887.8,3885.0,3885.5,GREEN,24-09-2026 10:50:00 AM,24-09-2026 10:55:00 AM,3885.5,3889.0,3885.0,3887.9,RED,24-09-2026 10:55:00 AM,24-09-2026 11:00:00 AM,3887.9,3888.1,3884.0,3885.3,RED,24-09-2026 11:00:00 AM,24-09-2026 11:05:00 AM,3885.0,3885.5,3877.9,3878.9,RED,24-09-2026 11:05:00 AM,24-09-2026 11:10:00 AM,3879.3,3879.9,3874.6,3874.8,RED,24-09-2026 11:10:00 AM,24-09-2026 11:15:00 AM,3874.8,3875.3,3871.5,3872.2,GREEN,24-09-2026 11:15:00 AM,24-09-2026 11:20:00 AM,3872.2,3878.9,3872.1,3878.9
NESTLEIND-5m-2026-09-24T11:15:00+05:30-RED_TO_GREEN,2026-09-24T11:20:01.571719+05:30,24-09-2026 11:20:01 AM,NESTLEIND,NESTLEIND,5m,stock,N50 & N100,NIFTY 50; NIFTY 100; NIFTY 200,3 RED → GREEN,RED_TO_GREEN,R R R G,2026-09-24T11:15:00+05:30,24-09-2026 11:15:00 AM,2026-09-24T11:20:00+05:30,24-09-2026 11:20:00 AM,1367.4,1369.6,1367.4,1368.6,RED,24-09-2026 10:45:00 AM,24-09-2026 10:50:00 AM,1371.0,1371.3,1370.0,1370.0,GREEN,24-09-2026 10:50:00 AM,24-09-2026 10:55:00 AM,1370.1,1371.6,1369.0,1371.5,GREEN,24-09-2026 10:55:00 AM,24-09-2026 11:00:00 AM,1371.6,1372.4,1371.0,1372.4,RED,24-09-2026 11:00:00 AM,24-09-2026 11:05:00 AM,1372.4,1372.8,1370.0,1370.5,RED,24-09-2026 11:05:00 AM,24-09-2026 11:10:00 AM,1370.5,1370.5,1368.1,1369.0,RED,24-09-2026 11:10:00 AM,24-09-2026 11:15:00 AM,1368.9,1368.9,1367.3,1367.3,GREEN,24-09-2026 11:15:00 AM,24-09-2026 11:20:00 AM,1367.4,1369.6,1367.4,1368.6
ONGC-5m-2026-09-24T11:15:00+05:30-RED_TO_GREEN,2026-09-24T11:20:01.592279+05:30,24-09-2026 11:20:01 AM,ONGC,ONGC,5m,stock,N50 & N100,NIFTY 50; NIFTY 100; NIFTY 200,3 RED → GREEN,RED_TO_GREEN,R R R G,2026-09-24T11:15:00+05:30,24-09-2026 11:15:00 AM,2026-09-24T11:20:00+05:30,24-09-2026 11:20:00 AM,235.23,235.39,235.23,235.36,RED,24-09-2026 10:45:00 AM,24-09-2026 10:50:00 AM,235.88,235.89,235.71,235.74,GREEN,24-09-2026 10:50:00 AM,24-09-2026 10:55:00 AM,235.75,235.8,235.66,235.76,RED,24-09-2026 10:55:00 AM,24-09-2026 11:00:00 AM,235.75,235.81,235.61,235.61,RED,24-09-2026 11:00:00 AM,24-09-2026 11:05:00 AM,235.62,235.65,235.52,235.56,RED,24-09-2026 11:05:00 AM,24-09-2026 11:10:00 AM,235.56,235.69,235.47,235.47,RED,24-09-2026 11:10:00 AM,24-09-2026 11:15:00 AM,235.47,235.47,235.24,235.24,GREEN,24-09-2026 11:15:00 AM,24-09-2026 11:20:00 AM,235.23,235.39,235.23,235.36
SBILIFE-5m-2026-09-24T11:15:00+05:30-RED_TO_GREEN,2026-09-24T11:20:01.611855+05:30,24-09-2026 11:20:01 AM,SBILIFE,SBILIFE,5m,stock,N50 & N100,NIFTY 50; NIFTY 100; NIFTY 200,3 RED → GREEN,RED_TO_GREEN,R R R G,2026-09-24T11:15:00+05:30,24-09-2026 11:15:00 AM,2026-09-24T11:20:00+05:30,24-09-2026 11:20:00 AM,1758.0,1760.8,1756.3,1759.6,RED,24-09-2026 10:45:00 AM,24-09-2026 10:50:00 AM,1762.2,1767.5,1760.0,1761.5,RED,24-09-2026 10:50:00 AM,24-09-2026 10:55:00 AM,1761.5,1761.6,1758.2,1759.3,GREEN,24-09-2026 10:55:00 AM,24-09-2026 11:00:00 AM,1759.7,1766.0,1759.4,1762.9,RED,24-09-2026 11:00:00 AM,24-09-2026 11:05:00 AM,1763.3,1763.3,1760.9,1760.9,RED,24-09-2026 11:05:00 AM,24-09-2026 11:10:00 AM,1760.9,1762.6,1758.4,1759.3,RED,24-09-2026 11:10:00 AM,24-09-2026 11:15:00 AM,1760.0,1763.4,1757.0,1758.0,GREEN,24-09-2026 11:15:00 AM,24-09-2026 11:20:00 AM,1758.0,1760.8,1756.3,1759.6
SHRIRAMFIN-5m-2026-09-24T11:15:00+05:30-RED_TO_GREEN,2026-09-24T11:20:01.631329+05:30,24-09-2026 11:20:01 AM,SHRIRAMFIN,SHRIRAMFIN,5m,stock,N50 & N100,NIFTY 50; NIFTY 100; NIFTY 200,3 RED → GREEN,RED_TO_GREEN,R R R G,2026-09-24T11:15:00+05:30,24-09-2026 11:15:00 AM,2026-09-24T11:20:00+05:30,24-09-2026 11:20:00 AM,997.9,999.1,997.7,999.1,GREEN,24-09-2026 10:45:00 AM,24-09-2026 10:50:00 AM,999.4,1000.2,999.4,999.8,GREEN,24-09-2026 10:50:00 AM,24-09-2026 10:55:00 AM,999.9,1001.2,999.8,1000.6,DOJI,24-09-2026 10:55:00 AM,24-09-2026 11:00:00 AM,1000.5,1001.0,1000.2,1000.5,RED,24-09-2026 11:00:00 AM,24-09-2026 11:05:00 AM,1000.4,1000.8,999.1,999.5,RED,24-09-2026 11:05:00 AM,24-09-2026 11:10:00 AM,999.8,1000.0,999.0,999.1,RED,24-09-2026 11:10:00 AM,24-09-2026 11:15:00 AM,999.0,999.3,997.9,998.1,GREEN,24-09-2026 11:15:00 AM,24-09-2026 11:20:00 AM,997.9,999.1,997.7,999.1
SIEMENS-5m-2026-09-24T11:15:00+05:30-RED_TO_GREEN,2026-09-24T11:20:01.656082+05:30,24-09-2026 11:20:01 AM,SIEMENS,SIEMENS,5m,stock,N100,NIFTY 100; NIFTY 200,3 RED → GREEN,RED_TO_GREEN,R R R G,2026-09-24T11:15:00+05:30,24-09-2026 11:15:00 AM,2026-09-24T11:20:00+05:30,24-09-2026 11:20:00 AM,3844.1,3851.6,3844.1,3850.2,GREEN,24-09-2026 10:45:00 AM,24-09-2026 10:50:00 AM,3853.6,3860.6,3853.6,3856.4,RED,24-09-2026 10:50:00 AM,24-09-2026 10:55:00 AM,3856.4,3857.9,3848.1,3850.0,GREEN,24-09-2026 10:55:00 AM,24-09-2026 11:00:00 AM,3849.7,3854.0,3847.7,3851.9,RED,24-09-2026 11:00:00 AM,24-09-2026 11:05:00 AM,3851.4,3853.6,3849.1,3851.2,RED,24-09-2026 11:05:00 AM,24-09-2026 11:10:00 AM,3852.3,3853.5,3847.4,3851.6,RED,24-09-2026 11:10:00 AM,24-09-2026 11:15:00 AM,3851.6,3852.2,3844.0,3844.1,GREEN,24-09-2026 11:15:00 AM,24-09-2026 11:20:00 AM,3844.1,3851.6,3844.1,3850.2
SUZLON-5m-2026-09-24T11:15:00+05:30-RED_TO_GREEN,2026-09-24T11:20:01.679785+05:30,24-09-2026 11:20:01 AM,SUZLON,SUZLON,5m,stock,OTHER,,3 RED → GREEN,RED_TO_GREEN,R R R G,2026-09-24T11:15:00+05:30,24-09-2026 11:15:00 AM,2026-09-24T11:20:00+05:30,24-09-2026 11:20:00 AM,40.99,41.06,40.97,41.06,RED,24-09-2026 10:45:00 AM,24-09-2026 10:50:00 AM,41.06,41.1,40.95,40.96,GREEN,24-09-2026 10:50:00 AM,24-09-2026 10:55:00 AM,40.96,41.01,40.96,41.0,DOJI,24-09-2026 10:55:00 AM,24-09-2026 11:00:00 AM,41.0,41.01,40.98,41.0,RED,24-09-2026 11:00:00 AM,24-09-2026 11:05:00 AM,41.0,41.02,40.97,40.98,RED,24-09-2026 11:05:00 AM,24-09-2026 11:10:00 AM,40.99,41.0,40.95,40.98,RED,24-09-2026 11:10:00 AM,24-09-2026 11:15:00 AM,40.99,41.0,40.93,40.97,GREEN,24-09-2026 11:15:00 AM,24-09-2026 11:20:00 AM,40.99,41.06,40.97,41.06
TATACONSUM-5m-2026-09-24T11:15:00+05:30-RED_TO_GREEN,2026-09-24T11:20:01.704499+05:30,24-09-2026 11:20:01 AM,TATACONSUM,TATACONSUM,5m,stock,N50 & N100,NIFTY 50; NIFTY 100; NIFTY 200,3 RED → GREEN,RED_TO_GREEN,R R R G,2026-09-24T11:15:00+05:30,24-09-2026 11:15:00 AM,2026-09-24T11:20:00+05:30,24-09-2026 11:20:00 AM,983.0,984.1,983.0,983.6,GREEN,24-09-2026 10:45:00 AM,24-09-2026 10:50:00 AM,986.0,986.9,985.7,986.1,RED,24-09-2026 10:50:00 AM,24-09-2026 10:55:00 AM,986.1,986.1,985.0,985.1,GREEN,24-09-2026 10:55:00 AM,24-09-2026 11:00:00 AM,985.1,986.1,985.1,985.6,RED,24-09-2026 11:00:00 AM,24-09-2026 11:05:00 AM,985.6,985.9,985.1,985.3,RED,24-09-2026 11:05:00 AM,24-09-2026 11:10:00 AM,985.3,985.7,984.3,984.8,RED,24-09-2026 11:10:00 AM,24-09-2026 11:15:00 AM,984.8,984.8,983.0,983.0,GREEN,24-09-2026 11:15:00 AM,24-09-2026 11:20:00 AM,983.0,984.1,983.0,983.6
TATAMOTORS-5m-2026-09-24T11:15:00+05:30-RED_TO_GREEN,2026-09-24T11:20:01.735067+05:30,24-09-2026 11:20:01 AM,TATAMOTORS,TATAMOTORS,5m,stock,N100,NIFTY 100; NIFTY 200,3 RED → GREEN,RED_TO_GREEN,R R R G,2026-09-24T11:15:00+05:30,24-09-2026 11:15:00 AM,2026-09-24T11:20:00+05:30,24-09-2026 11:20:00 AM,446.4,446.8,446.2,446.8,RED,24-09-2026 10:45:00 AM,24-09-2026 10:50:00 AM,447.0,447.15,446.6,446.85,GREEN,24-09-2026 10:50:00 AM,24-09-2026 10:55:00 AM,446.8,447.5,446.8,447.25,RED,24-09-2026 10:55:00 AM,24-09-2026 11:00:00 AM,447.25,447.25,446.8,447.1,RED,24-09-2026 11:00:00 AM,24-09-2026 11:05:00 AM,447.25,447.25,447.05,447.1,RED,24-09-2026 11:05:00 AM,24-09-2026 11:10:00 AM,447.05,447.25,446.8,446.85,RED,24-09-2026 11:10:00 AM,24-09-2026 11:15:00 AM,446.85,446.85,446.05,446.4,GREEN,24-09-2026 11:15:00 AM,24-09-2026 11:20:00 AM,446.4,446.8,446.2,446.8
TRENT-5m-2026-09-24T11:15:00+05:30-RED_TO_GREEN,2026-09-24T11:20:01.765529+05:30,24-09-2026 11:20:01 AM,TRENT,TRENT,5m,stock,N50 & N100,NIFTY 50; NIFTY 100; NIFTY 200,3 RED → GREEN,RED_TO_GREEN,R R R G,2026-09-24T11:15:00+05:30,24-09-2026 11:15:00 AM,2026-09-24T11:20:00+05:30,24-09-2026 11:20:00 AM,2757.1,2759.4,2756.8,2757.5,RED,24-09-2026 10:45:00 AM,24-09-2026 10:50:00 AM,2758.0,2760.3,2755.0,2757.7,GREEN,24-09-2026 10:50:00 AM,24-09-2026 10:55:00 AM,2757.5,2760.2,2756.6,2760.0,RED,24-09-2026 10:55:00 AM,24-09-2026 11:00:00 AM,2759.3,2762.0,2758.4,2758.4,RED,24-09-2026 11:00:00 AM,24-09-2026 11:05:00 AM,2759.5,2759.9,2757.0,2758.7,RED,24-09-2026 11:05:00 AM,24-09-2026 11:10:00 AM,2760.1,2760.1,2757.0,2758.0,RED,24-09-2026 11:10:00 AM,24-09-2026 11:15:00 AM,2759.0,2760.0,2757.1,2757.1,GREEN,24-09-2026 11:15:00 AM,24-09-2026 11:20:00 AM,2757.1,2759.4,2756.8,2757.5
NIFTY50-5m-2026-09-24T11:15:00+05:30-RED_TO_GREEN,2026-09-24T11:20:18.129156+05:30,24-09-2026 11:20:18 AM,NIFTY50,NIFTY 50,5m,index,INDEX,NIFTY 50; NIFTY 100; NIFTY 200,3 RED → GREEN,RED_TO_GREEN,R R R G,2026-09-24T11:15:00+05:30,24-09-2026 11:15:00 AM,2026-09-24T11:20:00+05:30,24-09-2026 11:20:00 AM,23216.25,23243.55,23214.35,23243.15,GREEN,24-09-2026 10:45:00 AM,24-09-2026 10:50:00 AM,23218.65,23229.25,23215.8,23228.55,GREEN,24-09-2026 10:50:00 AM,24-09-2026 10:55:00 AM,23229.65,23239.3,23226.5,23237.05,GREEN,24-09-2026 10:55:00 AM,24-09-2026 11:00:00 AM,23237.55,23242.75,23233.9,23240.2,RED,24-09-2026 11:00:00 AM,24-09-2026 11:05:00 AM,23241.05,23241.8,23229.3,23233.1,RED,24-09-2026 11:05:00 AM,24-09-2026 11:10:00 AM,23233.2,23237.65,23219.55,23220.55,RED,24-09-2026 11:10:00 AM,24-09-2026 11:15:00 AM,23221.0,23229.55,23211.85,23216.55,GREEN,24-09-2026 11:15:00 AM,24-09-2026 11:20:00 AM,23216.25,23243.55,23214.35,23243.15
ADANIENT-5m-2026-09-24T11:15:00+05:30-RED_TO_GREEN,2026-09-24T11:20:18.171870+05:30,24-09-2026 11:20:18 AM,ADANIENT,ADANIENT,5m,stock,N50 & N100,NIFTY 50; NIFTY 100; NIFTY 200,3 RED → GREEN,RED_TO_GREEN,R R R G,2026-09-24T11:15:00+05:30,24-09-2026 11:15:00 AM,2026-09-24T11:20:00+05:30,24-09-2026 11:20:00 AM,2943.0,2951.0,2941.5,2949.8,GREEN,24-09-2026 10:45:00 AM,24-09-2026 10:50:00 AM,2959.3,2963.2,2958.6,2961.2,GREEN,24-09-2026 10:50:00 AM,24-09-2026 10:55:00 AM,2961.2,2961.4,2957.7,2961.4,RED,24-09-2026 10:55:00 AM,24-09-2026 11:00:00 AM,2961.2,2963.1,2958.6,2960.4,RED,24-09-2026 11:00:00 AM,24-09-2026 11:05:00 AM,2960.4,2960.4,2957.0,2957.6,RED,24-09-2026 11:05:00 AM,24-09-2026 11:10:00 AM,2958.4,2958.4,2950.0,2950.6,RED,24-09-2026 11:10:00 AM,24-09-2026 11:15:00 AM,2950.1,2951.4,2943.1,2943.8,GREEN,24-09-2026 11:15:00 AM,24-09-2026 11:20:00 AM,2943.0,2951.0,2941.5,2949.8
ADANIPORTS-5m-2026-09-24T11:15:00+05:30-RED_TO_GREEN,2026-09-24T11:20:18.210962+05:30,24-09-2026 11:20:18 AM,ADANIPORTS,ADANIPORTS,5m,stock,N50 & N100,NIFTY 50; NIFTY 100; NIFTY 200,3 RED → GREEN,RED_TO_GREEN,R R R G,2026-09-24T11:15:00+05:30,24-09-2026 11:15:00 AM,2026-09-24T11:20:00+05:30,24-09-2026 11:20:00 AM,1787.4,1790.0,1787.3,1789.8,GREEN,24-09-2026 10:45:00 AM,24-09-2026 10:50:00 AM,1789.4,1793.1,1789.4,1791.2,DOJI,24-09-2026 10:50:00 AM,24-09-2026 10:55:00 AM,1791.2,1791.2,1790.0,1791.2,GREEN,24-09-2026 10:55:00 AM,24-09-2026 11:00:00 AM,1791.6,1792.3,1790.3,1792.3,RED,24-09-2026 11:00:00 AM,24-09-2026 11:05:00 AM,1792.3,1792.3,1790.8,1791.1,RED,24-09-2026 11:05:00 AM,24-09-2026 11:10:00 AM,1791.0,1791.0,1789.0,1789.5,RED,24-09-2026 11:10:00 AM,24-09-2026 11:15:00 AM,1789.0,1789.5,1787.6,1787.9,GREEN,24-09-2026 11:15:00 AM,24-09-2026 11:20:00 AM,1787.4,1790.0,1787.3,1789.8
BAJFINANCE-5m-2026-09-24T11:15:00+05:30-RED_TO_GREEN,2026-09-24T11:20:18.245612+05:30,24-09-2026 11:20:18 AM,BAJFINANCE,BAJFINANCE,5m,stock,N50 & N100,NIFTY 50; NIFTY 100; NIFTY 200,3 RED → GREEN,RED_TO_GREEN,R R R G,2026-09-24T11:15:00+05:30,24-09-2026 11:15:00 AM,2026-09-24T11:20:00+05:30,24-09-2026 11:20:00 AM,991.0,993.7,991.0,993.7,GREEN,24-09-2026 10:45:00 AM,24-09-2026 10:50:00 AM,995.9,999.0,995.7,999.0,RED,24-09-2026 10:50:00 AM,24-09-2026 10:55:00 AM,998.8,999.9,997.2,997.2,RED,24-09-2026 10:55:00 AM,24-09-2026 11:00:00 AM,997.2,997.6,996.3,997.0,RED,24-09-2026 11:00:00 AM,24-09-2026 11:05:00 AM,997.0,997.0,995.7,996.5,RED,24-09-2026 11:05:00 AM,24-09-2026 11:10:00 AM,996.6,996.6,993.3,993.5,RED,24-09-2026 11:10:00 AM,24-09-2026 11:15:00 AM,993.5,995.1,990.7,991.0,GREEN,24-09-2026 11:15:00 AM,24-09-2026 11:20:00 AM,991.0,993.7,991.0,993.7
BANKBARODA-5m-2026-09-24T11:15:00+05:30-RED_TO_GREEN,2026-09-24T11:20:18.290747+05:30,24-09-2026 11:20:18 AM,BANKBARODA,BANKBARODA,5m,stock,N100,NIFTY 100; NIFTY 200,3 RED → GREEN,RED_TO_GREEN,R R R G,2026-09-24T11:15:00+05:30,24-09-2026 11:15:00 AM,2026-09-24T11:20:00+05:30,24-09-2026 11:20:00 AM,234.86,235.02,234.83,235.02,RED,24-09-2026 10:45:00 AM,24-09-2026 10:50:00 AM,234.87,234.95,234.83,234.85,GREEN,24-09-2026 10:50:00 AM,24-09-2026 10:55:00 AM,234.9,235.2,234.85,235.15,RED,24-09-2026 10:55:00 AM,24-09-2026 11:00:00 AM,235.18,235.2,235.0,235.14,RED,24-09-2026 11:00:00 AM,24-09-2026 11:05:00 AM,235.15,235.2,235.07,235.11,RED,24-09-2026 11:05:00 AM,24-09-2026 11:10:00 AM,235.07,235.07,234.73,234.9,RED,24-09-2026 11:10:00 AM,24-09-2026 11:15:00 AM,234.87,235.01,234.76,234.76,GREEN,24-09-2026 11:15:00 AM,24-09-2026 11:20:00 AM,234.86,235.02,234.83,235.02
BANKINDIA-5m-2026-09-24T11:15:00+05:30-RED_TO_GREEN,2026-09-24T11:20:18.312143+05:30,24-09-2026 11:20:18 AM,BANKINDIA,BANKINDIA,5m,stock,OTHER,,3 RED → GREEN,RED_TO_GREEN,R R R G,2026-09-24T11:15:00+05:30,24-09-2026 11:15:00 AM,2026-09-24T11:20:00+05:30,24-09-2026 11:20:00 AM,137.88,137.92,137.82,137.91,RED,24-09-2026 10:45:00 AM,24-09-2026 10:50:00 AM,137.85,137.9,137.77,137.83,GREEN,24-09-2026 10:50:00 AM,24-09-2026 10:55:00 AM,137.8,138.01,137.8,138.0,RED,24-09-2026 10:55:00 AM,24-09-2026 11:00:00 AM,138.03,138.1,137.9,137.99,RED,24-09-2026 11:00:00 AM,24-09-2026 11:05:00 AM,138.04,138.1,137.95,138.02,RED,24-09-2026 11:05:00 AM,24-09-2026 11:10:00 AM,138.03,138.05,137.92,137.92,RED,24-09-2026 11:10:00 AM,24-09-2026 11:15:00 AM,137.92,137.95,137.82,137.82,GREEN,24-09-2026 11:15:00 AM,24-09-2026 11:20:00 AM,137.88,137.92,137.82,137.91
TATASTEEL-5m-2026-09-24T11:15:00+05:30-RED_TO_GREEN,2026-09-24T11:20:18.461667+05:30,24-09-2026 11:20:18 AM,TATASTEEL,TATASTEEL,5m,stock,N50 & N100,NIFTY 50; NIFTY 100; NIFTY 200,3 RED → GREEN,RED_TO_GREEN,R R R G,2026-09-24T11:15:00+05:30,24-09-2026 11:15:00 AM,2026-09-24T11:20:00+05:30,24-09-2026 11:20:00 AM,189.66,189.73,189.54,189.72,GREEN,24-09-2026 10:45:00 AM,24-09-2026 10:50:00 AM,190.16,190.24,190.04,190.19,RED,24-09-2026 10:50:00 AM,24-09-2026 10:55:00 AM,190.24,190.26,190.08,190.15,RED,24-09-2026 10:55:00 AM,24-09-2026 11:00:00 AM,190.11,190.15,190.0,190.0,RED,24-09-2026 11:00:00 AM,24-09-2026 11:05:00 AM,190.0,190.0,189.91,189.95,RED,24-09-2026 11:05:00 AM,24-09-2026 11:10:00 AM,189.91,189.95,189.77,189.78,RED,24-09-2026 11:10:00 AM,24-09-2026 11:15:00 AM,189.81,189.9,189.66,189.66,GREEN,24-09-2026 11:15:00 AM,24-09-2026 11:20:00 AM,189.66,189.73,189.54,189.72
CIPLA-5m-2026-09-24T11:20:00+05:30-GREEN_TO_RED,2026-09-24T11:25:03.868818+05:30,24-09-2026 11:25:03 AM,CIPLA,CIPLA,5m,stock,N50 & N100,NIFTY 50; NIFTY 100; NIFTY 200,3 GREEN → RED,GREEN_TO_RED,G G G R,2026-09-24T11:20:00+05:30,24-09-2026 11:20:00 AM,2026-09-24T11:25:00+05:30,24-09-2026 11:25:00 AM,1390.9,1390.9,1367.8,1384.7,RED,24-09-2026 10:50:00 AM,24-09-2026 10:55:00 AM,1393.2,1394.8,1392.3,1392.4,RED,24-09-2026 10:55:00 AM,24-09-2026 11:00:00 AM,1392.9,1394.5,1390.4,1390.8,RED,24-09-2026 11:00:00 AM,24-09-2026 11:05:00 AM,1390.0,1391.0,1388.2,1389.5,GREEN,24-09-2026 11:05:00 AM,24-09-2026 11:10:00 AM,1389.5,1392.3,1389.3,1389.8,GREEN,24-09-2026 11:10:00 AM,24-09-2026 11:15:00 AM,1389.7,1390.8,1388.9,1390.8,GREEN,24-09-2026 11:15:00 AM,24-09-2026 11:20:00 AM,1390.8,1392.1,1390.0,1390.9,RED,24-09-2026 11:20:00 AM,24-09-2026 11:25:00 AM,1390.9,1390.9,1367.8,1384.7
GODFRYPHLP-5m-2026-09-24T11:20:00+05:30-GREEN_TO_RED,2026-09-24T11:25:03.908143+05:30,24-09-2026 11:25:03 AM,GODFRYPHLP,GODFRYPHLP,5m,stock,OTHER,,3 GREEN → RED,GREEN_TO_RED,G G G R,2026-09-24T11:20:00+05:30,24-09-2026 11:20:00 AM,2026-09-24T11:25:00+05:30,24-09-2026 11:25:00 AM,1990.4,1991.1,1988.4,1990.0,GREEN,24-09-2026 10:50:00 AM,24-09-2026 10:55:00 AM,1990.0,1992.6,1988.4,1991.6,DOJI,24-09-2026 10:55:00 AM,24-09-2026 11:00:00 AM,1991.0,1991.9,1990.7,1991.0,RED,24-09-2026 11:00:00 AM,24-09-2026 11:05:00 AM,1991.5,1992.0,1989.1,1989.1,GREEN,24-09-2026 11:05:00 AM,24-09-2026 11:10:00 AM,1989.1,1989.9,1988.4,1989.4,GREEN,24-09-2026 11:10:00 AM,24-09-2026 11:15:00 AM,1988.9,1992.7,1988.5,1989.5,GREEN,24-09-2026 11:15:00 AM,24-09-2026 11:20:00 AM,1990.3,1991.1,1989.2,1991.0,RED,24-09-2026 11:20:00 AM,24-09-2026 11:25:00 AM,1990.4,1991.1,1988.4,1990.0
HDFCBANK-5m-2026-09-24T11:20:00+05:30-GREEN_TO_RED,2026-09-24T11:25:03.956487+05:30,24-09-2026 11:25:03 AM,HDFCBANK,HDFCBANK,5m,stock,N50 & N100,NIFTY 50; NIFTY 100; NIFTY 200,3 GREEN → RED,GREEN_TO_RED,G G G R,2026-09-24T11:20:00+05:30,24-09-2026 11:20:00 AM,2026-09-24T11:25:00+05:30,24-09-2026 11:25:00 AM,734.5,734.8,732.65,732.65,GREEN,24-09-2026 10:50:00 AM,24-09-2026 10:55:00 AM,727.7,728.45,727.65,728.2,GREEN,24-09-2026 10:55:00 AM,24-09-2026 11:00:00 AM,728.2,729.7,728.15,729.4,GREEN,24-09-2026 11:00:00 AM,24-09-2026 11:05:00 AM,729.6,730.35,729.1,730.2,GREEN,24-09-2026 11:05:00 AM,24-09-2026 11:10:00 AM,730.2,731.1,730.0,730.5,GREEN,24-09-2026 11:10:00 AM,24-09-2026 11:15:00 AM,730.45,732.4,730.4,732.4,GREEN,24-09-2026 11:15:00 AM,24-09-2026 11:20:00 AM,732.4,734.4,732.1,734.4,RED,24-09-2026 11:20:00 AM,24-09-2026 11:25:00 AM,734.5,734.8,732.65,732.65
M&M-5m-2026-09-24T11:20:00+05:30-GREEN_TO_RED,2026-09-24T11:25:03.990092+05:30,24-09-2026 11:25:03 AM,M&M,M&M,5m,stock,N50 & N100,NIFTY 50; NIFTY 100; NIFTY 200,3 GREEN → RED,GREEN_TO_RED,G G G R,2026-09-24T11:20:00+05:30,24-09-2026 11:20:00 AM,2026-09-24T11:25:00+05:30,24-09-2026 11:25:00 AM,3038.1,3039.0,3035.0,3036.0,RED,24-09-2026 10:50:00 AM,24-09-2026 10:55:00 AM,3023.5,3026.8,3021.6,3022.1,GREEN,24-09-2026 10:55:00 AM,24-09-2026 11:00:00 AM,3021.8,3027.3,3020.1,3025.0,RED,24-09-2026 11:00:00 AM,24-09-2026 11:05:00 AM,3025.0,3025.1,3021.2,3023.0,GREEN,24-09-2026 11:05:00 AM,24-09-2026 11:10:00 AM,3023.9,3031.1,3022.7,3028.5,GREEN,24-09-2026 11:10:00 AM,24-09-2026 11:15:00 AM,3028.7,3035.6,3027.2,3035.0,GREEN,24-09-2026 11:15:00 AM,24-09-2026 11:20:00 AM,3035.0,3038.0,3033.4,3038.0,RED,24-09-2026 11:20:00 AM,24-09-2026 11:25:00 AM,3038.1,3039.0,3035.0,3036.0
UNITDSPR-5m-2026-09-24T11:20:00+05:30-RED_TO_GREEN,2026-09-24T11:25:04.043972+05:30,24-09-2026 11:25:04 AM,UNITDSPR,UNITDSPR,5m,stock,N100,NIFTY 100; NIFTY 200,3 RED → GREEN,RED_TO_GREEN,R R R G,2026-09-24T11:20:00+05:30,24-09-2026 11:20:00 AM,2026-09-24T11:25:00+05:30,24-09-2026 11:25:00 AM,1434.4,1436.4,1432.9,1434.5,GREEN,24-09-2026 10:50:00 AM,24-09-2026 10:55:00 AM,1433.1,1436.4,1433.0,1435.7,GREEN,24-09-2026 10:55:00 AM,24-09-2026 11:00:00 AM,1435.0,1437.0,1435.0,1437.0,RED,24-09-2026 11:00:00 AM,24-09-2026 11:05:00 AM,1438.8,1438.8,1437.0,1437.9,RED,24-09-2026 11:05:00 AM,24-09-2026 11:10:00 AM,1437.1,1437.5,1435.7,1435.7,RED,24-09-2026 11:10:00 AM,24-09-2026 11:15:00 AM,1435.7,1435.8,1435.0,1435.1,RED,24-09-2026 11:15:00 AM,24-09-2026 11:20:00 AM,1435.1,1435.8,1434.0,1434.4,GREEN,24-09-2026 11:20:00 AM,24-09-2026 11:25:00 AM,1434.4,1436.4,1432.9,1434.5
360ONE-5m-2026-09-24T11:25:00+05:30-GREEN_TO_RED,2026-09-24T11:30:23.301497+05:30,24-09-2026 11:30:23 AM,360ONE,360ONE,5m,stock,OTHER,,3 GREEN → RED,GREEN_TO_RED,G G G R,2026-09-24T11:25:00+05:30,24-09-2026 11:25:00 AM,2026-09-24T11:30:00+05:30,24-09-2026 11:30:00 AM,1091.9,1092.3,1090.6,1091.6,RED,24-09-2026 10:55:00 AM,24-09-2026 11:00:00 AM,1091.6,1092.8,1090.9,1091.3,GREEN,24-09-2026 11:00:00 AM,24-09-2026 11:05:00 AM,1091.3,1092.4,1090.5,1091.6,RED,24-09-2026 11:05:00 AM,24-09-2026 11:10:00 AM,1091.4,1091.9,1090.0,1090.0,GREEN,24-09-2026 11:10:00 AM,24-09-2026 11:15:00 AM,1090.9,1093.1,1089.6,1091.4,GREEN,24-09-2026 11:15:00 AM,24-09-2026 11:20:00 AM,1091.4,1092.8,1091.2,1091.5,GREEN,24-09-2026 11:20:00 AM,24-09-2026 11:25:00 AM,1091.8,1092.3,1091.0,1092.2,RED,24-09-2026 11:25:00 AM,24-09-2026 11:30:00 AM,1091.9,1092.3,1090.6,1091.6
BANDHANBNK-5m-2026-09-24T11:25:00+05:30-GREEN_TO_RED,2026-09-24T11:30:23.322278+05:30,24-09-2026 11:30:23 AM,BANDHANBNK,BANDHANBNK,5m,stock,OTHER,,3 GREEN → RED,GREEN_TO_RED,G G G R,2026-09-24T11:25:00+05:30,24-09-2026 11:25:00 AM,2026-09-24T11:30:00+05:30,24-09-2026 11:30:00 AM,187.76,188.0,186.62,186.86,RED,24-09-2026 10:55:00 AM,24-09-2026 11:00:00 AM,187.2,187.2,186.69,186.81,GREEN,24-09-2026 11:00:00 AM,24-09-2026 11:05:00 AM,186.8,187.32,186.8,187.04,RED,24-09-2026 11:05:00 AM,24-09-2026 11:10:00 AM,187.0,187.0,186.59,186.85,GREEN,24-09-2026 11:10:00 AM,24-09-2026 11:15:00 AM,186.86,186.93,186.73,186.93,GREEN,24-09-2026 11:15:00 AM,24-09-2026 11:20:00 AM,186.93,187.8,186.86,187.6,GREEN,24-09-2026 11:20:00 AM,24-09-2026 11:25:00 AM,187.6,187.9,187.58,187.73,RED,24-09-2026 11:25:00 AM,24-09-2026 11:30:00 AM,187.76,188.0,186.62,186.86
BIOCON-5m-2026-09-24T11:25:00+05:30-RED_TO_GREEN,2026-09-24T11:30:23.362620+05:30,24-09-2026 11:30:23 AM,BIOCON,BIOCON,5m,stock,OTHER,,3 RED → GREEN,RED_TO_GREEN,R R R G,2026-09-24T11:25:00+05:30,24-09-2026 11:25:00 AM,2026-09-24T11:30:00+05:30,24-09-2026 11:30:00 AM,391.45,391.8,391.2,391.75,GREEN,24-09-2026 10:55:00 AM,24-09-2026 11:00:00 AM,392.85,393.45,392.85,393.25,RED,24-09-2026 11:00:00 AM,24-09-2026 11:05:00 AM,393.15,393.15,392.55,392.55,GREEN,24-09-2026 11:05:00 AM,24-09-2026 11:10:00 AM,392.55,392.95,392.45,392.8,RED,24-09-2026 11:10:00 AM,24-09-2026 11:15:00 AM,392.8,392.85,391.7,392.0,RED,24-09-2026 11:15:00 AM,24-09-2026 11:20:00 AM,392.0,392.35,391.95,391.95,RED,24-09-2026 11:20:00 AM,24-09-2026 11:25:00 AM,392.05,392.1,391.35,391.35,GREEN,24-09-2026 11:25:00 AM,24-09-2026 11:30:00 AM,391.45,391.8,391.2,391.75
DRREDDY-5m-2026-09-24T11:25:00+05:30-RED_TO_GREEN,2026-09-24T11:30:23.402770+05:30,24-09-2026 11:30:23 AM,DRREDDY,DRREDDY,5m,stock,N50 & N100,NIFTY 50; NIFTY 100; NIFTY 200,3 RED → GREEN,RED_TO_GREEN,R R R G,2026-09-24T11:25:00+05:30,24-09-2026 11:25:00 AM,2026-09-24T11:30:00+05:30,24-09-2026 11:30:00 AM,1204.9,1205.9,1204.6,1205.9,GREEN,24-09-2026 10:55:00 AM,24-09-2026 11:00:00 AM,1208.6,1209.5,1208.2,1209.1,DOJI,24-09-2026 11:00:00 AM,24-09-2026 11:05:00 AM,1209.3,1210.7,1209.0,1209.3,GREEN,24-09-2026 11:05:00 AM,24-09-2026 11:10:00 AM,1209.0,1209.7,1208.9,1209.7,RED,24-09-2026 11:10:00 AM,24-09-2026 11:15:00 AM,1209.2,1210.1,1208.0,1208.0,RED,24-09-2026 11:15:00 AM,24-09-2026 11:20:00 AM,1208.3,1209.4,1205.6,1205.8,RED,24-09-2026 11:20:00 AM,24-09-2026 11:25:00 AM,1205.7,1206.6,1203.6,1204.6,GREEN,24-09-2026 11:25:00 AM,24-09-2026 11:30:00 AM,1204.9,1205.9,1204.6,1205.9
KOTAKBANK-5m-2026-09-24T11:25:00+05:30-RED_TO_GREEN,2026-09-24T11:30:23.442694+05:30,24-09-2026 11:30:23 AM,KOTAKBANK,KOTAKBANK,5m,stock,N50 & N100,NIFTY 50; NIFTY 100; NIFTY 200,3 RED → GREEN,RED_TO_GREEN,R R R G,2026-09-24T11:25:00+05:30,24-09-2026 11:25:00 AM,2026-09-24T11:30:00+05:30,24-09-2026 11:30:00 AM,406.85,407.6,406.7,406.9,RED,24-09-2026 10:55:00 AM,24-09-2026 11:00:00 AM,408.5,408.65,408.1,408.45,RED,24-09-2026 11:00:00 AM,24-09-2026 11:05:00 AM,408.35,408.5,408.0,408.05,RED,24-09-2026 11:05:00 AM,24-09-2026 11:10:00 AM,408.2,408.25,407.75,408.05,RED,24-09-2026 11:10:00 AM,24-09-2026 11:15:00 AM,408.2,408.4,407.2,407.35,RED,24-09-2026 11:15:00 AM,24-09-2026 11:20:00 AM,407.3,407.55,407.1,407.25,RED,24-09-2026 11:20:00 AM,24-09-2026 11:25:00 AM,407.25,407.25,406.6,406.9,GREEN,24-09-2026 11:25:00 AM,24-09-2026 11:30:00 AM,406.85,407.6,406.7,406.9
PERSISTENT-5m-2026-09-24T11:25:00+05:30-RED_TO_GREEN,2026-09-24T11:30:23.480825+05:30,24-09-2026 11:30:23 AM,PERSISTENT,PERSISTENT,5m,stock,OTHER,,3 RED → GREEN,RED_TO_GREEN,R R R G,2026-09-24T11:25:00+05:30,24-09-2026 11:25:00 AM,2026-09-24T11:30:00+05:30,24-09-2026 11:30:00 AM,5314.0,5320.0,5311.5,5316.0,RED,24-09-2026 10:55:00 AM,24-09-2026 11:00:00 AM,5336.0,5336.5,5329.0,5333.0,RED,24-09-2026 11:00:00 AM,24-09-2026 11:05:00 AM,5332.5,5336.5,5329.0,5331.5,GREEN,24-09-2026 11:05:00 AM,24-09-2026 11:10:00 AM,5331.0,5340.0,5331.0,5336.0,RED,24-09-2026 11:10:00 AM,24-09-2026 11:15:00 AM,5335.5,5337.5,5321.0,5321.0,RED,24-09-2026 11:15:00 AM,24-09-2026 11:20:00 AM,5325.0,5335.5,5313.0,5318.0,RED,24-09-2026 11:20:00 AM,24-09-2026 11:25:00 AM,5319.0,5319.0,5311.0,5313.0,GREEN,24-09-2026 11:25:00 AM,24-09-2026 11:30:00 AM,5314.0,5320.0,5311.5,5316.0
